Date,Open,High,Low,Close,Adj Close,Volume
2012-09-04,43.139999,43.389999,42.869999,43.250000,36.672680,24591000
2012-09-05,43.389999,43.529999,43.080002,43.439999,36.833786,8334800
2012-09-06,43.650002,44.259998,43.619999,44.240002,37.512131,9875400
2012-09-07,44.430000,44.439999,43.919998,44.049999,37.351013,8338300
2012-09-10,43.970001,44.380001,43.889999,44.259998,37.529083,8995500
2012-09-11,44.349998,44.570000,44.279999,44.330002,37.588432,8564500
2012-09-12,44.349998,44.570000,44.310001,44.529999,37.758022,8948500
2012-09-13,44.080002,44.709999,44.009998,44.660000,38.228817,11859900
2012-09-14,44.549999,44.549999,43.439999,43.619999,37.338581,16537400
2012-09-17,43.480000,44.000000,43.480000,44.000000,37.663857,11010400
2012-09-18,43.759998,44.139999,43.689999,44.080002,37.732357,7534000
2012-09-19,44.119999,44.779999,44.090000,44.509998,38.100418,9818100
2012-09-20,44.360001,44.970001,44.349998,44.889999,38.425705,9965000
2012-09-21,44.950001,45.250000,44.860001,44.910000,38.442818,20254600
2012-09-24,44.950001,45.250000,44.790001,45.139999,38.639698,9989300
2012-09-25,45.220001,45.700001,44.860001,45.110001,38.614017,12805200
2012-09-26,45.110001,45.369999,45.000000,45.009998,38.528419,12652800
2012-09-27,45.070000,45.439999,45.009998,45.230000,38.716740,9834300
2012-09-28,45.049999,45.209999,44.779999,45.099998,38.605465,12497300
2012-10-01,44.970001,45.590000,44.970001,45.220001,38.708179,8553700
2012-10-02,45.430000,45.599998,45.099998,45.470001,38.922176,7429500
2012-10-03,45.500000,45.869999,45.270000,45.779999,39.187538,8455800
2012-10-04,45.900002,46.389999,45.849998,46.119999,39.478573,8953800
2012-10-05,46.419998,46.500000,45.860001,46.279999,39.615524,11893000
2012-10-08,46.169998,46.459999,45.790001,46.340000,39.666885,7033700
2012-10-09,46.209999,46.540001,46.029999,46.169998,39.521370,10030900
2012-10-10,46.169998,46.389999,45.400002,45.599998,39.033443,9475300
2012-10-11,45.889999,45.919998,45.349998,45.450001,38.905056,7022600
2012-10-12,45.599998,46.000000,45.560001,45.619999,39.050583,6844300
2012-10-15,45.740002,46.630001,45.689999,46.590000,39.880890,10281300
2012-10-16,46.740002,47.270000,46.709999,47.169998,40.377373,11954200
2012-10-17,47.080002,47.500000,47.080002,47.389999,40.565693,10132900
2012-10-18,47.290001,48.000000,47.279999,47.959999,41.053612,10986100
2012-10-19,47.939999,47.990002,46.880001,47.029999,40.257542,12976500
2012-10-22,46.810001,47.029999,46.189999,46.480000,39.786743,14021400
2012-10-23,46.189999,46.529999,45.869999,45.889999,39.281693,12504200
2012-10-24,45.950001,46.189999,45.799999,45.880001,39.273151,9639700
2012-10-25,46.099998,46.340000,46.009998,46.299999,39.632660,10971500
2012-10-26,45.790001,46.770000,45.790001,46.150002,39.504257,11940500
2012-10-31,46.419998,46.709999,45.439999,45.630001,39.059147,13535000
2012-11-01,45.750000,46.490002,45.680000,45.939999,39.324490,12166000
2012-11-02,46.250000,46.549999,45.990002,46.000000,39.375854,11050500
2012-11-05,45.820000,46.000000,45.310001,45.669998,39.093380,8981200
2012-11-06,45.689999,46.320000,45.680000,45.919998,39.307369,8735300
2012-11-07,45.549999,45.669998,44.180000,44.459999,38.057621,24067900
2012-11-08,44.509998,44.770000,43.840000,43.840000,37.526897,16329900
2012-11-09,43.689999,44.320000,43.619999,44.049999,37.706657,13995200
2012-11-12,44.470001,44.520000,43.880001,44.020000,37.680984,7329800
2012-11-13,43.770000,44.459999,43.669998,43.680000,37.389942,9599100
2012-11-14,43.700001,43.900002,42.910000,43.049999,36.850662,14206900
2012-11-15,42.959999,43.139999,42.549999,42.799999,36.636665,12283200
2012-11-16,42.840000,43.230000,42.360001,43.070000,36.867790,16636500
2012-11-19,43.320000,43.400002,43.090000,43.340000,37.098904,9189700
2012-11-20,43.419998,43.669998,43.240002,43.560001,37.287224,10905100
2012-11-21,43.799999,43.930000,43.630001,43.889999,37.569702,7288000
2012-11-23,43.990002,44.290001,43.919998,44.279999,37.903549,4477800
2012-11-26,44.000000,44.330002,43.919998,44.200001,37.835060,9381100
2012-11-27,44.029999,44.189999,43.849998,43.880001,37.561146,8869200
2012-11-28,43.750000,44.610001,43.540001,44.599998,38.177464,10614800
2012-11-29,44.950001,44.950001,44.480000,44.709999,38.271622,9559500
2012-11-30,44.540001,44.709999,44.119999,44.299999,37.920658,15017200
2012-12-03,44.470001,44.830002,44.419998,44.439999,38.040497,11620100
2012-12-04,44.380001,44.779999,44.380001,44.400002,38.006268,9996900
2012-12-05,44.330002,44.759998,44.230000,44.389999,37.997700,11647000
2012-12-06,44.450001,44.590000,44.380001,44.509998,38.100418,8817000
2012-12-07,44.529999,44.639999,44.160000,44.630001,38.203148,7869500
2012-12-10,44.459999,44.830002,44.419998,44.480000,38.074741,9347500
2012-12-11,44.660000,45.279999,44.500000,45.189999,38.682495,13583500
2012-12-12,45.209999,45.490002,45.020000,45.259998,38.742416,11250000
2012-12-13,44.939999,44.939999,43.900002,43.950001,37.981911,13744400
2012-12-14,43.900002,43.959999,43.410000,43.540001,37.627586,13186000
2012-12-17,43.630001,43.840000,43.509998,43.630001,37.705376,13280200
2012-12-18,43.590000,44.400002,43.360001,44.240002,38.232540,14081000
2012-12-19,44.150002,44.459999,43.610001,43.660000,37.731297,11693100
2012-12-20,42.450001,42.779999,42.000000,42.160000,36.434978,33648000
2012-12-21,42.419998,42.459999,41.450001,41.520000,35.881882,28709200
2012-12-24,41.430000,41.750000,41.310001,41.419998,35.795464,6482700
2012-12-26,41.450001,41.580002,41.220001,41.340000,35.726341,7129500
2012-12-27,41.209999,41.410000,40.799999,41.200001,35.605350,11401600
2012-12-28,41.000000,41.169998,40.630001,40.639999,35.121387,11319400
2012-12-31,40.279999,40.970001,40.020000,40.939999,35.380653,14317400
2013-01-02,41.860001,41.869999,40.939999,41.340000,35.726341,15956900
2013-01-03,41.889999,42.430000,41.110001,42.330002,36.581905,23543400
2013-01-04,42.459999,42.500000,41.820000,41.970001,36.270790,15428500
2013-01-07,42.040001,42.189999,41.849998,42.119999,36.400410,11503600
2013-01-08,42.250000,42.689999,42.180000,42.180000,36.452271,14750900
2013-01-09,42.389999,42.650002,42.200001,42.590000,36.806595,10073100
2013-01-10,42.869999,43.150002,42.750000,42.779999,36.970795,12970500
2013-01-11,42.709999,43.330002,42.709999,43.230000,37.359688,12140100
2013-01-14,43.310001,43.560001,43.049999,43.340000,37.454758,11117100
2013-01-15,43.380001,43.540001,42.810001,42.869999,37.048565,11876600
2013-01-16,42.889999,43.040001,42.500000,42.540001,36.763378,11909500
2013-01-17,42.810001,42.849998,42.540001,42.750000,36.944870,15510600
2013-01-18,42.880001,42.980000,42.650002,42.980000,37.143635,16434100
2013-01-22,42.770000,43.220001,42.610001,43.200001,37.333763,12232600
2013-01-23,43.000000,43.080002,42.549999,42.820000,37.005356,14174300
2013-01-24,42.950001,43.209999,42.930000,43.000000,37.160919,12496300
2013-01-25,43.119999,43.459999,42.720001,43.459999,37.558453,13167300
2013-01-28,43.340000,43.500000,42.930000,42.930000,37.100430,11850000
2013-01-29,43.189999,43.740002,42.990002,43.660000,37.731297,15720300
2013-01-30,43.660000,43.770000,43.459999,43.500000,37.593018,12672600
2013-01-31,43.430000,43.639999,43.250000,43.250000,37.376972,14539400
2013-02-01,42.240002,42.750000,41.509998,41.830002,36.149799,37688000
2013-02-04,41.389999,41.660000,40.830002,40.849998,35.302879,29409700
2013-02-05,41.049999,41.480000,40.930000,41.430000,35.804115,21307300
2013-02-06,41.349998,41.450001,40.980000,41.090000,35.510284,17383800
2013-02-07,41.099998,41.299999,40.880001,41.000000,35.432507,16174300
2013-02-08,41.060001,41.180000,40.950001,41.180000,35.588066,14661800
2013-02-11,41.189999,41.500000,41.090000,41.380001,35.760902,11412000
2013-02-12,41.369999,41.570000,41.130001,41.450001,35.821392,9996000
2013-02-13,41.419998,41.490002,41.009998,41.150002,35.562138,15803300
2013-02-14,41.040001,41.220001,40.830002,41.189999,35.596710,16332800
2013-02-15,41.459999,41.500000,41.240002,41.419998,35.795464,15579100
2013-02-19,41.599998,42.220001,41.580002,42.220001,36.486843,13306100
2013-02-20,42.360001,42.750000,42.220001,42.660000,36.867092,16800900
2013-02-21,42.500000,42.570000,42.270000,42.500000,36.728817,11823000
2013-02-22,42.580002,43.270000,42.529999,42.970001,37.134991,15393900
2013-02-25,43.310001,43.450001,42.509998,42.520000,36.746090,19407300
2013-02-26,42.750000,42.799999,42.099998,42.419998,36.659683,13903100
2013-02-27,42.270000,43.150002,42.270000,42.970001,37.134991,12917100
2013-02-28,43.009998,43.209999,42.730000,42.730000,36.927582,14211300
2013-03-01,42.330002,42.669998,42.330002,42.630001,36.841164,14816300
2013-03-04,42.919998,43.349998,42.759998,43.340000,37.454758,14160200
2013-03-05,43.599998,43.650002,43.099998,43.250000,37.376972,15118100
2013-03-06,43.299999,43.740002,43.060001,43.680000,37.748581,18417100
2013-03-07,43.820000,43.930000,43.090000,43.270000,37.394260,13733600
2013-03-08,43.400002,43.500000,42.919998,42.970001,37.134991,29273300
2013-03-11,42.950001,43.669998,42.869999,43.660000,37.731297,38638100
2013-03-12,45.419998,45.419998,44.880001,45.040001,38.923908,56007500
2013-03-13,44.540001,44.730000,44.480000,44.590000,38.906456,17921200
2013-03-14,44.709999,44.750000,43.599998,44.270000,38.627243,25893400
2013-03-15,43.830002,44.090000,43.790001,44.090000,38.470188,24331900
2013-03-18,43.779999,43.939999,43.570000,43.630001,38.068813,12117700
2013-03-19,43.700001,43.840000,43.599998,43.700001,38.129894,15504100
2013-03-20,44.000000,44.290001,43.880001,44.119999,38.496357,14974300
2013-03-21,44.029999,44.180000,43.759998,43.790001,38.208424,11904600
2013-03-22,43.860001,44.110001,43.799999,43.900002,38.304394,9984000
2013-03-25,43.950001,44.000000,43.509998,43.689999,38.121166,13117100
2013-03-26,43.950001,44.400002,43.900002,44.389999,38.731941,12112700
2013-03-27,44.130001,44.250000,43.910000,44.099998,38.478909,10970900
2013-03-28,44.049999,44.310001,43.959999,44.200001,38.566166,16641700
2013-04-01,44.000000,44.369999,43.770000,44.349998,38.697044,9901900
2013-04-02,44.509998,45.000000,44.419998,44.910000,39.185661,12786500
2013-04-03,45.000000,46.160000,45.000000,45.360001,39.578312,25872200
2013-04-04,45.389999,45.880001,45.009998,45.320000,39.543404,13967400
2013-04-05,45.040001,45.230000,44.889999,45.130001,39.377632,12601500
2013-04-08,45.090000,45.480000,44.959999,45.480000,39.683010,10153500
2013-04-09,45.730000,45.939999,45.340000,45.509998,39.709183,10599300
2013-04-10,45.910000,46.970001,45.779999,46.840000,40.869656,18735100
2013-04-11,46.680000,47.509998,46.680000,47.209999,41.192501,17537900
2013-04-12,46.669998,47.130001,46.650002,47.110001,41.105251,10064400
2013-04-15,46.889999,47.500000,46.459999,46.459999,40.538097,15347300
2013-04-16,46.639999,47.049999,46.500000,46.959999,40.974373,10185700
2013-04-17,46.720001,46.910000,46.410000,46.759998,40.799854,11777200
2013-04-18,46.860001,46.980000,46.490002,46.560001,40.625355,11272600
2013-04-19,46.860001,47.490002,46.660000,47.490002,41.436817,12705300
2013-04-22,47.450001,47.970001,47.180000,47.919998,41.811996,14265400
2013-04-23,47.950001,48.700001,47.930000,48.630001,42.431511,17653500
2013-04-24,48.669998,48.790001,47.869999,47.950001,41.838188,15546200
2013-04-25,47.950001,48.000000,47.279999,47.349998,41.314648,15937100
2013-04-26,47.270000,48.070000,47.110001,47.869999,41.768375,10601600
2013-04-29,47.880001,48.119999,47.720001,47.820000,41.724747,11375900
2013-04-30,47.750000,47.840000,47.000000,47.000000,41.009258,19744700
2013-05-01,44.799999,46.310001,44.599998,45.689999,39.866238,39740800
2013-05-02,45.900002,46.009998,45.490002,45.730000,39.901146,14245600
2013-05-03,46.250000,46.380001,45.459999,45.669998,39.848793,12874600
2013-05-06,45.509998,46.000000,44.970001,44.980000,39.246738,14096300
2013-05-07,45.099998,45.299999,44.880001,45.270000,39.499779,14528700
2013-05-08,45.119999,45.599998,44.970001,44.990002,39.255470,18308300
2013-05-09,45.250000,45.619999,44.950001,45.490002,39.691738,14175700
2013-05-10,45.540001,45.950001,45.490002,45.950001,40.093109,13923800
2013-05-13,45.840000,46.230000,45.680000,46.169998,40.285061,10246200
2013-05-14,46.119999,46.770000,46.000000,46.650002,40.703880,13413900
2013-05-15,46.730000,47.259998,46.459999,46.730000,40.773674,13197800
2013-05-16,46.580002,46.700001,45.009998,46.369999,40.459568,11962700
2013-05-17,46.290001,46.709999,45.080002,45.990002,40.128006,21730400
2013-05-20,45.959999,46.020000,45.099998,45.209999,39.447426,16730000
2013-05-21,45.240002,47.529999,45.189999,47.330002,41.297211,47020700
2013-05-22,47.599998,48.299999,46.490002,46.709999,40.756229,42624900
2013-05-23,46.459999,47.439999,46.419998,47.330002,41.297211,22579600
2013-05-24,47.049999,47.160000,46.599998,47.160000,41.148880,15796000
2013-05-28,47.939999,48.639999,47.520000,47.619999,41.550232,17663900
2013-05-29,47.290001,47.470001,46.509998,46.869999,40.895832,16051700
2013-05-30,47.020000,47.389999,46.740002,47.070000,41.070347,15203500
2013-05-31,46.930000,47.680000,46.689999,46.700001,40.747505,21726100
2013-06-03,48.930000,49.360001,48.310001,48.450001,42.274448,37982300
2013-06-04,48.200001,50.160000,48.169998,49.439999,43.138260,37008600
2013-06-05,49.020000,49.730000,48.470001,48.730000,42.518768,24923100
2013-06-06,48.639999,48.730000,47.750000,48.599998,42.405323,19895900
2013-06-07,48.770000,49.139999,48.099998,48.189999,42.047585,50431900
2013-06-10,48.650002,48.889999,48.360001,48.459999,42.283169,48557200
2013-06-11,48.070000,48.200001,47.549999,47.560001,41.497887,54150100
2013-06-12,47.889999,48.099998,47.230000,47.250000,41.227402,16853900
2013-06-13,46.740002,47.939999,46.490002,47.900002,42.178391,14773200
2013-06-14,47.770000,48.529999,47.500000,47.950001,42.222427,13632300
2013-06-17,48.330002,48.549999,47.560001,47.799999,42.090336,12485200
2013-06-18,47.880001,48.049999,47.660000,47.750000,42.046322,11816800
2013-06-19,47.709999,48.169998,47.450001,47.580002,41.896618,17994200
2013-06-20,47.419998,47.419998,46.209999,46.310001,40.778316,17824900
2013-06-21,46.869999,47.599998,46.669998,47.000000,41.385910,24287800
2013-06-24,46.470001,46.860001,46.060001,46.410000,40.866379,18080700
2013-06-25,46.529999,46.680000,46.080002,46.230000,40.707882,12023000
2013-06-26,46.599998,46.910000,46.279999,46.689999,41.112926,11435900
2013-06-27,47.029999,47.360001,46.869999,47.279999,41.632454,11639800
2013-06-28,47.459999,47.480000,46.450001,46.450001,40.901600,16339800
2013-07-01,46.259998,46.849998,46.220001,46.320000,40.787121,13112200
2013-07-02,46.090000,46.730000,46.029999,46.549999,40.989658,11315900
2013-07-03,46.480000,46.730000,46.160000,46.549999,40.989658,6874000
2013-07-05,46.930000,47.299999,46.610001,47.160000,41.526787,8103000
2013-07-08,47.369999,47.630001,47.240002,47.410000,41.746925,10977400
2013-07-09,47.720001,48.000000,47.610001,47.619999,41.931839,10316700
2013-07-10,47.619999,48.180000,47.590000,47.959999,42.231232,7780700
2013-07-11,48.430000,48.500000,48.130001,48.310001,42.539421,11442000
2013-07-12,48.400002,48.660000,48.189999,48.540001,42.741947,8855500
2013-07-15,48.509998,48.889999,48.259998,48.520000,42.724335,9654400
2013-07-16,48.560001,48.830002,48.029999,48.230000,42.468979,15273600
2013-07-17,48.279999,48.770000,48.130001,48.130001,42.380924,9507800
2013-07-18,48.029999,48.130001,47.349998,47.400002,41.738121,17822000
2013-07-19,47.470001,47.919998,47.200001,47.790001,42.081535,14228700
2013-07-22,47.849998,48.250000,47.549999,47.720001,42.019897,11318700
2013-07-23,47.810001,48.220001,47.540001,47.930000,42.204819,9242000
2013-07-24,47.919998,48.040001,47.509998,47.770000,42.063931,8941200
2013-07-25,47.529999,48.189999,47.349998,48.169998,42.416145,10040400
2013-07-26,48.049999,48.490002,47.779999,48.490002,42.697922,9846200
2013-07-29,48.270000,48.790001,48.150002,48.340000,42.565842,10291600
2013-07-30,48.290001,49.080002,47.840000,48.049999,42.310490,16778200
2013-07-31,48.500000,48.730000,47.970001,48.169998,42.416145,21576400
2013-08-01,48.439999,48.680000,48.040001,48.580002,42.777176,13547800
2013-08-02,48.439999,48.540001,48.180000,48.540001,42.741947,8922200
2013-08-05,48.389999,48.660000,48.070000,48.529999,42.733143,6789100
2013-08-06,48.480000,48.590000,48.090000,48.439999,42.653896,9944500
2013-08-07,48.349998,48.750000,48.349998,48.549999,42.750755,9666300
2013-08-08,48.660000,48.840000,48.189999,48.470001,42.680317,8631400
2013-08-09,48.439999,48.779999,48.259998,48.389999,42.609871,7888200
2013-08-12,48.160000,48.810001,48.090000,48.470001,42.680317,9935100
2013-08-13,48.520000,48.849998,48.080002,48.430000,42.645092,7455100
2013-08-14,48.549999,48.759998,48.410000,48.570000,42.768368,8530900
2013-08-15,48.279999,48.360001,47.849998,47.970001,42.240040,11341500
2013-08-16,47.790001,48.000000,47.480000,47.700001,42.002289,13200400
2013-08-19,47.470001,47.799999,47.450001,47.580002,41.896618,8378300
2013-08-20,47.650002,48.380001,47.560001,47.560001,41.879013,14095000
2013-08-21,47.560001,48.040001,47.299999,47.459999,41.790958,10800000
2013-08-22,47.630001,47.980000,47.400002,47.810001,42.099148,8630300
2013-08-23,47.980000,47.980000,47.450001,47.730000,42.028706,9176300
2013-08-26,47.799999,47.900002,47.529999,47.619999,41.931839,9220200
2013-08-27,47.320000,47.520000,46.930000,47.110001,41.482761,10842400
2013-08-28,46.779999,47.400002,46.470001,47.090000,41.465160,9812200
2013-08-29,46.970001,47.400002,46.790001,47.099998,41.473957,9695400
2013-08-30,47.090000,47.480000,47.020000,47.290001,41.641266,8326300
2013-09-03,47.520000,47.660000,47.009998,47.209999,41.570812,14212400
2013-09-04,47.130001,47.880001,47.110001,47.680000,41.984684,11065200
2013-09-05,47.790001,47.790001,47.259998,47.509998,41.834980,7898200
2013-09-06,47.570000,47.820000,47.060001,47.490002,41.817375,26664900
2013-09-09,47.599998,47.849998,47.480000,47.740002,42.037518,29180200
2013-09-10,47.860001,48.400002,47.860001,47.980000,42.248840,30808600
2013-09-11,48.029999,48.509998,47.959999,48.139999,42.389732,13379100
2013-09-12,47.799999,47.980000,47.650002,47.849998,42.514118,9502400
2013-09-13,47.880001,47.990002,47.669998,47.790001,42.460808,7681000
2013-09-16,48.250000,48.450001,48.099998,48.189999,42.816208,9428200
2013-09-17,48.110001,48.230000,47.939999,48.009998,42.656273,7703300
2013-09-18,47.810001,48.709999,47.630001,48.400002,43.002781,14008700
2013-09-19,48.470001,48.490002,48.099998,48.259998,42.878399,9328000
2013-09-20,48.330002,48.400002,47.869999,48.009998,42.656273,27961000
2013-09-23,47.790001,48.060001,47.540001,47.680000,42.363068,12605700
2013-09-24,47.630001,48.220001,47.520000,47.529999,42.229797,13300600
2013-09-25,47.669998,47.990002,47.419998,47.669998,42.354191,11356300
2013-09-26,47.779999,48.000000,47.509998,47.680000,42.363068,10261100
2013-09-27,47.570000,47.910000,47.290001,47.790001,42.460808,10510300
2013-09-30,47.639999,47.869999,47.290001,47.610001,42.300884,16244000
2013-10-01,48.919998,49.230000,48.150002,48.740002,43.304871,27339200
2013-10-02,48.450001,48.549999,48.119999,48.369999,42.976139,13975300
2013-10-03,48.220001,48.750000,48.000000,48.360001,42.967247,17900500
2013-10-04,48.270000,48.360001,47.939999,48.230000,42.851742,11570800
2013-10-07,47.919998,48.230000,47.680000,47.889999,42.549660,9195800
2013-10-08,47.840000,48.150002,47.639999,47.750000,42.425266,14020700
2013-10-09,47.689999,47.820000,47.139999,47.270000,41.998798,15353400
2013-10-10,47.599998,47.630001,46.959999,47.490002,42.194267,17262400
2013-10-11,47.419998,47.490002,47.150002,47.290001,42.016575,10253500
2013-10-14,46.799999,47.080002,46.439999,46.750000,41.536785,20674500
2013-10-15,46.520000,46.830002,46.419998,46.570000,41.376858,14161000
2013-10-16,46.610001,47.169998,46.570000,47.169998,41.909946,11102700
2013-10-17,47.130001,47.279999,46.889999,47.110001,41.856647,13878500
2013-10-18,47.369999,47.450001,46.470001,46.610001,41.412395,20632400
2013-10-21,46.700001,46.720001,46.080002,46.509998,41.323544,16678000
2013-10-22,46.310001,46.720001,46.139999,46.470001,41.288010,15841500
2013-10-23,46.599998,46.720001,46.480000,46.560001,41.367970,9650700
2013-10-24,46.799999,46.860001,46.189999,46.220001,41.065891,11201100
2013-10-25,46.250000,46.580002,45.849998,46.540001,41.350204,17894000
2013-10-28,45.570000,45.820000,45.209999,45.349998,40.292896,27297600
2013-10-29,45.410000,45.669998,45.080002,45.580002,40.497250,15890000
2013-10-30,45.750000,45.759998,45.110001,45.240002,40.195171,9958500
2013-10-31,45.310001,45.459999,45.090000,45.090000,40.061893,14994200
2013-11-01,44.869999,45.349998,44.619999,45.230000,40.186283,20893500
2013-11-04,45.919998,46.270000,45.660000,45.720001,40.621639,16177500
2013-11-05,45.590000,45.779999,45.320000,45.360001,40.301785,10420500
2013-11-06,45.560001,46.020000,45.340000,45.959999,40.834881,12361300
2013-11-07,46.150002,46.240002,45.779999,45.820000,40.710491,11675400
2013-11-08,45.930000,46.869999,45.860001,46.799999,41.581203,17423800
2013-11-11,46.910000,47.150002,46.880001,47.000000,41.758907,7533400
2013-11-12,46.950001,47.630001,46.799999,47.590000,42.283115,13950600
2013-11-13,46.740002,47.369999,46.650002,47.340000,42.060989,14157400
2013-11-14,47.520000,47.869999,47.500000,47.820000,42.487465,11280600
2013-11-15,47.630001,48.279999,47.630001,48.070000,42.709583,11991500
2013-11-18,48.040001,48.259998,47.779999,48.009998,42.656273,7930100
2013-11-19,48.049999,48.169998,47.650002,48.070000,42.709583,8345300
2013-11-20,47.980000,48.419998,47.750000,48.130001,42.762901,8251900
2013-11-21,48.220001,48.700001,48.160000,48.619999,43.198254,12837100
2013-11-22,48.490002,49.040001,48.439999,48.939999,43.482567,13967900
2013-11-25,48.950001,49.840000,48.939999,49.660000,44.122284,18282100
2013-11-26,49.660000,49.750000,49.160000,49.580002,44.051201,22939300
2013-11-27,49.590000,49.910000,49.560001,49.830002,44.273327,11565500
2013-11-29,49.790001,49.950001,49.480000,49.830002,44.273327,6900000
2013-12-02,49.740002,50.419998,49.740002,50.180000,44.584301,14829900
2013-12-03,49.820000,50.060001,49.380001,49.759998,44.211128,13604400
2013-12-04,49.599998,49.650002,48.820000,49.310001,43.811317,11451600
2013-12-05,48.910000,49.250000,48.770000,48.810001,43.367069,8721900
2013-12-06,49.130001,49.570000,48.959999,49.389999,43.882389,7403200
2013-12-09,49.380001,49.849998,49.200001,49.560001,44.033440,9331500
2013-12-10,49.279999,49.549999,49.099998,49.430000,43.917927,10236400
2013-12-11,49.509998,49.529999,48.750000,48.950001,43.491451,14504000
2013-12-12,48.570000,48.779999,48.029999,48.320000,43.321114,11611700
2013-12-13,48.740002,48.900002,48.060001,48.380001,43.374901,8396300
2013-12-16,48.299999,48.590000,47.889999,48.090000,43.114906,11349200
2013-12-17,47.930000,48.000000,47.610001,47.900002,42.944557,13900000
2013-12-18,47.869999,48.930000,47.650002,48.900002,43.841106,13549700
2013-12-19,48.750000,48.950001,48.529999,48.790001,43.742489,8762400
2013-12-20,48.860001,49.450001,48.630001,49.320000,44.217655,16805100
2013-12-23,49.439999,49.700001,49.250000,49.360001,44.253521,8263900
2013-12-24,49.430000,49.669998,49.230000,49.410000,44.298351,4252900
2013-12-26,49.439999,49.750000,49.360001,49.720001,44.576279,5069800
2013-12-27,49.770000,49.900002,49.529999,49.790001,44.639030,4244300
2013-12-30,49.740002,49.939999,49.330002,49.939999,44.773514,6321900
2013-12-31,49.740002,50.080002,49.529999,50.049999,44.872135,8474900
2014-01-02,49.880001,50.040001,49.299999,49.490002,44.370075,7886500
2014-01-03,49.490002,50.000000,49.459999,49.730000,44.585236,6435000
2014-01-06,49.810001,50.139999,49.509998,49.740002,44.594208,9931400
2014-01-07,49.959999,50.400002,49.939999,50.110001,44.925930,9995800
2014-01-08,50.099998,50.139999,49.599998,49.790001,44.639030,13695700
2014-01-09,49.820000,50.000000,49.340000,49.520000,44.396965,9323900
2014-01-10,49.830002,50.070000,49.500000,49.880001,44.719730,8143100
2014-01-13,50.900002,53.439999,50.790001,53.119999,47.624538,37291300
2014-01-14,52.529999,53.099998,52.169998,53.000000,47.516949,21190700
2014-01-15,52.650002,52.900002,52.349998,52.520000,47.086605,10488000
2014-01-16,52.150002,52.980000,52.099998,52.500000,47.068668,7769600
2014-01-17,52.619999,52.650002,51.720001,51.950001,46.575581,16758800
2014-01-21,52.029999,52.250000,51.709999,51.830002,46.467983,11035500
2014-01-22,51.770000,51.980000,51.279999,51.349998,46.037640,10653600
2014-01-23,51.209999,51.750000,50.860001,51.599998,46.261776,15877800
2014-01-24,51.270000,52.169998,51.130001,51.980000,46.602478,18261300
2014-01-27,52.860001,54.099998,52.529999,52.529999,47.095570,31002000
2014-01-28,52.369999,53.090000,52.220001,52.869999,47.400398,15078200
2014-01-29,52.700001,52.840000,51.779999,52.209999,46.808678,19346100
2014-01-30,52.459999,53.669998,52.380001,53.509998,47.974178,17371800
2014-01-31,53.310001,53.480000,52.759998,52.970001,47.490051,16290000
2014-02-03,52.910000,53.150002,51.919998,52.080002,46.692131,15488600
2014-02-04,52.590000,53.520000,52.400002,53.509998,47.974178,18181900
2014-02-05,54.279999,55.200001,53.139999,53.529999,47.992115,24506300
2014-02-06,53.259998,53.869999,52.799999,53.770000,48.207287,12244800
2014-02-07,53.650002,54.820000,53.439999,54.770000,49.103836,14497100
2014-02-10,54.290001,55.000000,54.220001,54.889999,49.211418,10609600
2014-02-11,54.709999,55.750000,54.439999,55.700001,49.937626,15352600
2014-02-12,55.439999,55.689999,54.849998,55.000000,49.310040,13629700
2014-02-13,54.450001,55.209999,54.410000,55.099998,49.399693,10243400
2014-02-14,54.950001,55.619999,54.950001,55.439999,49.704525,8681900
2014-02-18,55.220001,55.930000,55.130001,55.689999,49.928646,11201100
2014-02-19,55.439999,55.660000,54.990002,55.040001,49.345909,10297100
2014-02-20,55.110001,56.000000,55.029999,55.810001,50.036247,10133100
2014-02-21,55.849998,56.340000,55.820000,56.029999,50.233482,11666600
2014-02-24,55.869999,56.919998,55.869999,56.180000,50.367970,11012500
2014-02-25,56.130001,56.389999,55.799999,55.910000,50.125893,8514500
2014-02-26,56.000000,56.450001,55.919998,56.270000,50.448654,10139500
2014-02-27,56.240002,56.669998,56.000000,56.660000,50.798302,9055500
2014-02-28,56.730000,57.459999,56.650002,56.990002,51.094162,11886600
2014-03-03,56.099998,56.770000,55.950001,56.419998,50.583138,9821800
2014-03-04,57.040001,57.389999,56.910000,57.060001,51.156925,10995900
2014-03-05,57.400002,57.439999,56.520000,56.880001,50.995544,9042300
2014-03-06,57.060001,57.650002,57.009998,57.259998,51.336231,10605700
2014-03-07,57.349998,57.570000,57.099998,57.470001,51.524506,10634200
2014-03-10,57.439999,57.619999,57.000000,57.320000,51.390030,7383200
2014-03-11,57.400002,57.439999,56.570000,56.689999,50.825199,10885500
2014-03-12,56.389999,56.930000,56.259998,56.810001,50.932789,9498300
2014-03-13,56.610001,56.790001,55.720001,55.790001,50.408730,10120000
2014-03-14,55.529999,56.020000,55.270000,55.700001,50.327412,12117800
2014-03-17,55.950001,56.450001,55.950001,56.259998,50.833393,9509400
2014-03-18,56.310001,56.560001,56.160000,56.360001,50.923752,7070900
2014-03-19,56.680000,56.910000,55.639999,55.990002,50.589443,10048400
2014-03-20,55.830002,55.880001,55.310001,55.590000,50.228024,8460800
2014-03-21,56.500000,56.599998,54.619999,54.660000,49.387718,23424900
2014-03-24,54.860001,54.860001,53.570000,53.779999,48.592606,15500800
2014-03-25,53.880001,55.480000,53.810001,55.189999,49.866600,14115700
2014-03-26,55.430000,56.459999,55.389999,56.020000,50.616543,13073600
2014-03-27,55.889999,56.110001,55.330002,55.730000,50.354519,11123800
2014-03-28,56.209999,56.959999,55.770000,55.980000,50.580395,8960300
2014-03-31,56.090000,56.840000,56.040001,56.770000,51.294197,14181200
2014-04-01,56.650002,56.840000,56.009998,56.369999,50.932785,7715400
2014-04-02,56.480000,56.560001,56.049999,56.459999,51.014099,7060000
2014-04-03,56.529999,56.750000,55.950001,56.209999,50.788216,8313100
2014-04-04,56.610001,56.720001,56.090000,56.119999,50.706902,10412800
2014-04-07,55.369999,56.160000,55.029999,55.189999,49.866600,11426300
2014-04-08,55.279999,55.610001,54.700001,55.040001,49.731071,10766800
2014-04-09,55.220001,57.150002,55.200001,57.099998,51.592377,16108500
2014-04-10,57.889999,58.139999,55.779999,55.849998,50.462940,18018500
2014-04-11,55.549999,56.599998,55.299999,55.919998,50.526196,13631700
2014-04-14,56.220001,56.730000,54.950001,55.570000,50.209949,10787000
2014-04-15,55.790001,56.310001,55.110001,56.049999,50.643654,11142900
2014-04-16,56.450001,56.950001,55.930000,56.259998,50.833393,9635500
2014-04-17,56.450001,57.000000,56.270000,56.470001,51.023148,11263700
2014-04-21,56.560001,57.299999,56.400002,57.250000,51.727905,6231000
2014-04-22,57.090000,58.320000,57.020000,57.770000,52.197746,13972200
2014-04-23,57.750000,57.770000,57.080002,57.500000,51.953796,7736100
2014-04-24,57.320000,57.820000,56.849998,57.529999,51.980892,6714800
2014-04-25,57.529999,57.680000,57.020000,57.240002,51.718876,6227700
2014-04-28,57.610001,57.849998,56.480000,56.680000,51.212883,16992200
2014-04-29,57.500000,58.860001,57.270000,58.720001,53.056114,13661500
2014-04-30,58.509998,59.000000,58.020000,58.560001,52.911552,13560400
2014-05-01,58.549999,59.840000,58.549999,59.619999,53.869305,11724500
2014-05-02,59.470001,59.529999,57.939999,58.220001,52.604336,12079300
2014-05-05,58.110001,58.669998,57.750000,58.630001,52.974792,8135000
2014-05-06,58.750000,58.770000,57.040001,57.110001,51.601410,13838300
2014-05-07,56.189999,56.849998,55.520000,55.840000,50.453907,22909900
2014-05-08,55.549999,55.759998,54.720001,54.830002,49.541328,14371400
2014-05-09,55.099998,55.709999,54.400002,55.209999,49.884678,12385000
2014-05-12,55.619999,55.619999,54.849998,55.290001,49.956963,8085000
2014-05-13,55.310001,56.060001,55.200001,55.750000,50.372589,8959000
2014-05-14,55.630001,56.560001,55.630001,56.369999,50.932785,7797500
2014-05-15,55.810001,56.590000,55.509998,55.889999,50.499081,8918500
2014-05-16,55.660000,56.259998,55.660000,55.869999,50.481010,9062000
2014-05-19,55.740002,56.369999,55.619999,56.349998,50.914715,7519300
2014-05-20,56.220001,56.259998,55.730000,56.000000,50.598473,7855900
2014-05-21,56.200001,56.619999,56.130001,56.580002,51.122536,6650900
2014-05-22,56.400002,56.779999,56.040001,56.490002,51.041218,7178000
2014-05-23,56.630001,56.980000,56.450001,56.810001,51.330349,6053000
2014-05-27,56.930000,57.040001,56.470001,56.689999,51.221924,7301800
2014-05-28,56.709999,56.730000,56.400002,56.400002,50.959892,6843100
2014-05-29,56.910000,57.790001,56.599998,57.700001,52.134502,8513700
2014-05-30,57.520000,58.270000,57.520000,57.860001,52.279068,11519000
2014-06-02,57.910000,58.200001,57.480000,57.930000,52.342316,6425500
2014-06-03,57.520000,57.959999,57.369999,57.910000,52.324245,7078100
2014-06-04,57.779999,58.009998,57.509998,57.930000,52.342316,6875400
2014-06-05,57.970001,58.470001,57.720001,58.099998,52.495918,7640600
2014-06-06,58.200001,58.259998,57.680000,57.849998,52.270027,6703200
2014-06-09,57.490002,57.970001,57.240002,57.939999,52.351349,8082900
2014-06-10,57.919998,58.500000,57.919998,58.490002,52.848301,7663700
2014-06-11,58.520000,59.029999,58.400002,58.810001,53.137432,11696800
2014-06-12,58.279999,58.720001,58.060001,58.299999,53.073704,9563900
2014-06-13,58.110001,58.650002,57.980000,58.240002,53.019089,8398500
2014-06-16,58.060001,58.380001,57.730000,58.070000,52.864326,7731500
2014-06-17,57.950001,58.220001,57.779999,58.060001,52.855217,6266700
2014-06-18,58.029999,58.450001,57.810001,58.410000,53.173843,7837000
2014-06-19,58.419998,58.419998,58.099998,58.299999,53.073704,6011900
2014-06-20,58.610001,59.279999,58.439999,58.919998,53.638123,14418000
2014-06-23,58.810001,58.980000,58.410000,58.500000,53.255775,7054400
2014-06-24,58.380001,58.759998,57.880001,57.919998,52.727772,8158500
2014-06-25,57.730000,59.320000,57.720001,58.860001,53.583504,13274300
2014-06-26,58.759998,58.770000,58.250000,58.529999,53.283092,7238300
2014-06-27,58.369999,58.520000,57.480000,57.529999,52.372734,17285700
2014-06-30,57.610001,58.200001,57.529999,57.849998,52.664043,8735000
2014-07-01,57.700001,58.639999,57.480000,58.509998,53.264885,8838000
2014-07-02,58.470001,59.099998,58.369999,59.049999,53.756474,6941000
2014-07-03,59.389999,59.450001,59.070000,59.200001,53.893024,5220100
2014-07-07,58.910000,59.650002,58.490002,58.520000,53.273983,9276200
2014-07-08,58.660000,58.669998,57.910000,58.169998,52.955360,8270100
2014-07-09,58.450001,58.720001,58.180000,58.549999,53.301300,6938700
2014-07-10,58.279999,58.770000,57.730000,58.580002,53.328609,5583700
2014-07-11,58.650002,58.740002,58.160000,58.439999,53.201149,6106800
2014-07-14,58.619999,58.669998,58.060001,58.180000,52.964462,8379100
2014-07-15,58.130001,58.400002,57.490002,57.910000,52.718670,10158100
2014-07-16,57.939999,58.209999,57.730000,58.150002,52.937145,6805000
2014-07-17,57.869999,58.240002,57.570000,57.599998,52.436451,6649700
2014-07-18,57.919998,58.430000,57.619999,58.340000,53.110119,7432700
2014-07-21,57.889999,58.189999,57.709999,58.000000,52.800598,7095700
2014-07-22,58.130001,58.880001,58.130001,58.430000,53.192055,6509200
2014-07-23,58.299999,58.500000,58.049999,58.110001,52.900738,6292400
2014-07-24,58.320000,58.500000,57.919998,58.209999,52.991772,10064200
2014-07-25,58.130001,58.360001,57.919998,58.150002,52.937145,5525100
2014-07-28,58.169998,58.340000,57.849998,57.970001,52.773289,8600700
2014-07-29,58.820000,59.279999,58.139999,58.580002,53.328609,10328000
2014-07-30,58.580002,58.849998,57.610001,58.080002,52.873436,8051800
2014-07-31,57.759998,58.070000,56.720001,56.740002,51.653561,10119000
2014-08-01,56.580002,57.119999,56.279999,56.799999,51.708172,10141000
2014-08-04,56.950001,57.270000,56.360001,57.060001,51.944870,8649500
2014-08-05,56.720001,56.970001,55.820000,56.029999,51.007202,9031200
2014-08-06,55.880001,56.139999,55.720001,55.930000,50.916164,12275800
2014-08-07,56.209999,56.560001,55.570000,55.639999,50.652157,7215500
2014-08-08,55.869999,56.610001,55.580002,56.549999,51.480587,7081500
2014-08-11,56.700001,57.049999,56.459999,56.660000,51.580723,5499100
2014-08-12,56.549999,57.139999,56.520000,57.029999,51.917553,7090200
2014-08-13,57.389999,57.889999,57.160000,57.849998,52.664043,10660700
2014-08-14,58.049999,58.790001,58.000000,58.779999,53.510677,7932300
2014-08-15,58.799999,59.000000,58.029999,58.610001,53.355915,9046800
2014-08-18,58.799999,58.869999,58.349998,58.419998,53.182949,9443900
2014-08-19,58.849998,58.950001,58.340000,58.910000,53.629032,7435000
2014-08-20,58.680000,59.570000,58.529999,59.480000,54.147938,7038400
2014-08-21,59.400002,59.660000,58.790001,58.849998,53.574398,7646800
2014-08-22,59.040001,59.360001,58.900002,59.169998,53.865715,5187600
2014-08-25,59.340000,59.869999,59.259998,59.730000,54.375515,5170800
2014-08-26,59.669998,60.400002,59.660000,60.200001,54.803379,9220600
2014-08-27,60.400002,60.580002,60.110001,60.279999,54.876213,6546700
2014-08-28,59.889999,60.230000,59.840000,60.000000,54.621307,5241000
2014-08-29,60.419998,60.419998,59.830002,60.110001,54.721451,5715800
2014-09-02,59.730000,60.099998,59.669998,59.790001,54.430138,6054500
2014-09-03,60.119999,60.860001,60.060001,60.480000,55.058281,9096200
2014-09-04,60.570000,61.000000,59.919998,60.080002,54.694141,10809000
2014-09-05,60.419998,61.180000,60.150002,61.180000,55.695534,10744200
2014-09-08,61.220001,61.330002,60.830002,61.049999,55.577187,8420400
2014-09-09,60.840000,61.029999,60.470001,60.560001,55.131111,7443700
2014-09-10,60.669998,60.869999,60.349998,60.759998,55.313187,9212800
2014-09-11,60.209999,60.439999,59.810001,60.099998,55.111435,7785200
2014-09-12,59.880001,60.130001,59.259998,59.549999,54.607098,7021800
2014-09-15,59.650002,59.990002,59.500000,59.520000,54.579582,7738900
2014-09-16,59.509998,60.060001,59.279999,59.990002,55.010578,9045400
2014-09-17,59.529999,60.009998,59.279999,59.880001,54.909702,10271200
2014-09-18,60.130001,60.340000,59.820000,60.310001,55.304012,8004100
2014-09-19,60.750000,60.889999,60.490002,60.490002,55.469074,14480700
2014-09-22,60.369999,60.980000,60.259998,60.580002,55.551598,9320500
2014-09-23,60.150002,60.730000,59.689999,60.279999,55.276501,8012100
2014-09-24,60.310001,60.540001,60.230000,60.360001,55.349861,11465600
2014-09-25,60.279999,60.500000,59.630001,59.639999,54.689625,8691800
2014-09-26,59.720001,59.790001,58.549999,59.389999,54.460373,10786200
2014-09-29,59.029999,59.720001,58.810001,59.410000,54.478718,8719200
2014-09-30,59.400002,59.980000,59.250000,59.279999,54.359505,9247300
2014-10-01,59.090000,59.220001,58.500000,58.709999,53.836815,9088900
2014-10-02,58.779999,59.060001,58.290001,58.849998,53.965195,8109800
2014-10-03,59.169998,60.099998,59.169998,59.900002,54.928043,8641800
2014-10-06,60.169998,60.250000,59.299999,59.580002,54.634605,7114600
2014-10-07,59.320000,59.400002,58.450001,58.459999,53.607578,9520100
2014-10-08,58.660000,60.230000,58.570000,60.180000,55.184803,12318200
2014-10-09,60.000000,60.509998,59.110001,59.209999,54.295319,8595800
2014-10-10,59.310001,59.919998,58.660000,58.660000,53.790966,11285200
2014-10-13,58.549999,58.549999,55.980000,56.139999,51.480145,14807700
2014-10-14,56.570000,56.950001,55.730000,56.330002,51.654369,10935800
2014-10-15,55.369999,55.869999,54.290001,54.730000,50.187176,18785800
2014-10-16,54.009998,54.090000,52.490002,53.430000,48.995079,21856200
2014-10-17,53.849998,54.630001,53.529999,54.020000,49.536106,19718100
2014-10-20,54.220001,54.270000,53.919998,54.049999,49.563618,12064100
2014-10-21,54.570000,55.279999,54.320000,55.130001,50.553974,17289900
2014-10-22,55.230000,55.860001,55.000000,55.509998,50.902435,12901700
2014-10-23,56.259998,57.070000,56.189999,56.630001,51.929466,11851100
2014-10-24,56.799999,57.660000,56.630001,57.610001,52.828129,8555400
2014-10-27,56.910000,57.240002,55.919998,56.450001,51.764408,14418900
2014-10-28,56.599998,56.599998,54.099998,55.849998,51.214211,23961200
2014-10-29,56.020000,56.610001,55.630001,56.200001,51.535164,12492900
2014-10-30,55.709999,57.389999,55.700001,57.310001,52.553024,12866600
2014-10-31,57.950001,58.130001,57.660000,57.939999,53.130730,14066100
2014-11-03,57.950001,58.930000,57.570000,58.919998,54.029388,10178900
2014-11-04,58.869999,59.709999,58.869999,59.369999,54.442039,11338400
2014-11-05,59.990002,60.250000,59.380001,59.570000,54.625431,12678800
2014-11-06,59.599998,59.900002,59.189999,59.259998,54.341167,13362100
2014-11-07,59.389999,59.619999,59.060001,59.340000,54.414528,10613000
2014-11-10,58.240002,59.189999,57.700001,58.810001,53.928520,14598500
2014-11-11,59.720001,59.950001,59.209999,59.369999,54.442039,13303600
2014-11-12,59.279999,59.549999,59.099998,59.310001,54.387020,6668800
2014-11-13,59.500000,59.950001,59.180000,59.540001,54.597923,6646900
2014-11-14,59.230000,59.549999,58.770000,59.070000,54.166935,7130600
2014-11-17,59.709999,59.900002,59.310001,59.459999,54.524567,8571300
2014-11-18,59.490002,60.130001,59.150002,59.889999,54.918869,7663000
2014-11-19,59.630001,59.730000,59.130001,59.639999,54.689625,7304400
2014-11-20,59.209999,59.400002,58.860001,59.380001,54.451206,6741100
2014-11-21,59.939999,60.020000,59.330002,59.660000,54.707962,11260400
2014-11-24,59.810001,59.810001,58.990002,59.250000,54.332001,8488000
2014-11-25,59.320000,59.660000,59.130001,59.340000,54.414528,10328600
2014-11-26,59.700001,59.770000,59.349998,59.750000,54.790497,6280600
2014-11-28,59.700001,60.869999,59.700001,60.400002,55.386536,6207400
2014-12-01,60.400002,61.320000,60.279999,60.520000,55.496574,8274100
2014-12-02,60.630001,60.980000,60.279999,60.779999,55.735001,6446000
2014-12-03,60.759998,60.930000,60.310001,60.580002,55.551598,9730500
2014-12-04,60.509998,61.380001,60.509998,60.919998,55.863380,7114600
2014-12-05,61.029999,61.770000,60.820000,61.490002,56.386066,11171800
2014-12-08,61.169998,62.200001,60.980000,61.880001,56.743694,11394700
2014-12-09,59.400002,60.139999,58.750000,60.009998,55.028908,18778200
2014-12-10,60.119999,60.520000,59.700001,59.980000,55.001400,13253700
2014-12-11,59.779999,60.580002,59.189999,59.340000,54.825855,11314100
2014-12-12,59.130001,59.650002,57.709999,57.720001,53.329094,12120400
2014-12-15,57.820000,58.060001,56.799999,56.950001,52.617664,12175200
2014-12-16,56.970001,58.290001,56.779999,56.799999,52.479084,11214000
2014-12-17,57.049999,57.799999,56.560001,57.630001,53.245941,12663800
2014-12-18,58.590000,58.980000,58.090000,58.980000,54.493240,13359400
2014-12-19,59.250000,59.900002,59.009998,59.580002,55.047604,17374200
2014-12-22,59.119999,59.560001,58.549999,58.959999,54.474762,10010500
2014-12-23,58.689999,59.000000,57.029999,57.209999,52.857891,14165400
2014-12-24,57.290001,57.860001,57.250000,57.459999,53.088871,5051000
2014-12-26,57.680000,58.020000,57.590000,57.779999,53.384533,4672800
2014-12-29,57.450001,57.919998,57.450001,57.730000,53.338337,6003800
2014-12-30,57.529999,57.770000,57.299999,57.650002,53.264420,5234800
2014-12-31,57.270000,57.849998,56.730000,56.790001,52.469845,7483600
2015-01-02,57.220001,57.790001,57.029999,57.189999,52.839409,7076300
2015-01-05,58.209999,58.480000,57.570000,58.040001,53.624752,15961200
2015-01-06,58.279999,60.500000,58.250000,60.320000,55.731304,24287700
2015-01-07,60.439999,61.619999,60.360001,61.610001,56.923168,18634500
2015-01-08,62.000000,62.939999,61.849998,62.849998,58.068836,19121000
2015-01-09,62.810001,63.130001,62.169998,62.560001,57.800900,12638700
2015-01-12,63.099998,63.500000,62.099998,62.299999,57.560677,11569000
2015-01-13,62.910000,63.619999,61.730000,62.189999,57.459045,10035200
2015-01-14,61.720001,62.910000,61.480000,62.639999,57.874817,9853000
2015-01-15,62.790001,62.990002,61.830002,61.880001,57.172630,9564600
2015-01-16,61.860001,63.160000,61.529999,63.029999,58.235149,11371200
2015-01-20,62.709999,63.299999,61.880001,62.610001,57.847095,13105900
2015-01-21,62.419998,62.779999,62.080002,62.160000,57.431335,9081400
2015-01-22,62.259998,62.709999,61.529999,62.590000,57.828625,8494400
2015-01-23,62.459999,63.000000,62.410000,62.490002,57.736221,6229100
2015-01-26,62.580002,62.980000,62.119999,62.820000,58.041119,6714600
2015-01-27,62.880001,63.020000,62.130001,62.560001,57.800900,7965100
2015-01-28,62.820000,62.959999,61.320000,61.450001,56.775337,8868100
2015-01-29,61.540001,62.150002,60.759998,62.090000,57.366653,9091300
2015-01-30,61.529999,61.930000,60.029999,60.279999,55.694351,12086900
2015-02-02,60.500000,60.930000,59.779999,60.880001,56.248699,9266700
2015-02-03,60.889999,61.060001,59.939999,61.020000,56.378056,11477500
2015-02-04,59.970001,60.000000,58.340000,59.049999,54.557919,19446700
2015-02-05,59.270000,59.349998,58.509998,59.169998,54.668793,12660400
2015-02-06,59.099998,59.770000,58.580002,58.790001,54.317696,9864800
2015-02-09,58.650002,59.000000,57.930000,58.330002,53.892689,10014100
2015-02-10,59.000000,59.340000,58.770000,58.849998,54.373131,9539400
2015-02-11,58.759998,58.959999,58.400002,58.740002,54.271496,10483900
2015-02-12,59.000000,59.110001,58.590000,58.880001,54.400852,7207700
2015-02-13,58.900002,58.939999,58.610001,58.810001,54.336182,7899300
2015-02-17,58.740002,58.970001,58.700001,58.790001,54.317696,10187300
2015-02-18,58.669998,59.009998,58.230000,58.799999,54.326942,10534200
2015-02-19,58.849998,58.990002,57.810001,58.299999,53.864967,9836200
2015-02-20,58.150002,58.480000,57.730000,58.349998,53.911167,11604800
2015-02-23,58.389999,58.669998,58.169998,58.299999,53.864967,8589900
2015-02-24,58.490002,58.570000,58.049999,58.360001,53.920403,7714100
2015-02-25,58.459999,58.970001,58.060001,58.490002,54.040520,8455200
2015-02-26,58.660000,59.150002,58.660000,58.959999,54.474762,11489100
2015-02-27,58.889999,59.060001,58.490002,58.540001,54.086720,13059900
2015-03-02,58.540001,58.889999,58.279999,58.580002,54.123665,9667200
2015-03-03,58.639999,58.700001,57.950001,58.340000,53.901932,8251300
2015-03-04,58.410000,58.650002,57.680000,57.880001,53.476921,13335200
2015-03-05,58.090000,58.279999,57.799999,57.980000,53.569313,11534100
2015-03-06,57.849998,57.869999,56.720001,56.840000,52.516041,11064700
2015-03-09,56.840000,57.369999,56.299999,57.259998,52.904087,8342000
2015-03-10,56.950001,57.189999,56.490002,56.580002,52.275818,13125000
2015-03-11,57.490002,57.490002,55.970001,56.060001,51.795376,15665300
2015-03-12,55.820000,56.220001,55.660000,56.169998,52.316959,12954300
2015-03-13,56.029999,56.430000,55.639999,56.200001,52.344906,13072900
2015-03-16,56.580002,57.320000,56.580002,57.119999,53.201794,11520800
2015-03-17,56.889999,56.889999,56.240002,56.470001,52.596382,9999400
2015-03-18,56.389999,57.970001,56.209999,57.650002,53.695435,14928500
2015-03-19,57.430000,58.340000,57.029999,58.209999,54.217022,14455900
2015-03-20,58.240002,58.860001,57.759998,58.580002,54.561649,26114000
2015-03-23,58.400002,59.139999,58.040001,58.730000,54.701351,10658500
2015-03-24,59.410000,59.700001,58.509998,58.630001,54.608212,13065300
2015-03-25,59.500000,59.709999,58.180000,58.259998,54.263592,14038400
2015-03-26,58.040001,58.200001,57.410000,57.599998,53.648869,10582900
2015-03-27,57.830002,58.230000,57.630001,57.750000,53.788578,8523500
2015-03-30,58.250000,58.540001,58.150002,58.340000,54.338108,8189000
2015-03-31,58.189999,58.310001,57.480000,57.480000,53.537102,10458700
2015-04-01,57.259998,57.320000,56.220001,56.860001,52.959633,12712200
2015-04-02,57.000000,57.450001,56.849998,57.099998,53.183167,7583500
2015-04-06,56.930000,57.340000,56.709999,57.180000,53.257679,12649200
2015-04-07,57.660000,57.880001,57.299999,57.430000,53.490536,9278300
2015-04-08,57.910000,58.049999,57.020000,57.150002,53.229736,13559700
2015-04-09,57.220001,57.730000,57.110001,57.430000,53.490536,12006000
2015-04-10,57.049999,57.650002,56.320000,57.250000,53.322880,15507500
2015-04-13,57.080002,57.369999,56.500000,56.730000,52.838547,10480900
2015-04-14,56.939999,57.990002,56.610001,57.759998,53.797890,14656200
2015-04-15,58.070000,58.950001,58.070000,58.450001,54.440567,12108800
2015-04-16,58.209999,58.389999,57.740002,57.840000,53.872402,6409400
2015-04-17,57.349998,57.360001,56.570000,56.880001,52.978260,11663400
2015-04-20,57.500000,58.000000,57.389999,57.610001,53.658180,9961400
2015-04-21,58.009998,58.029999,57.410000,57.660000,53.704746,9255500
2015-04-22,57.560001,57.889999,57.320000,57.689999,53.732697,7914600
2015-04-23,57.520000,57.849998,57.040001,57.509998,53.565041,8342000
2015-04-24,57.849998,58.189999,57.509998,57.599998,53.648869,7866500
2015-04-27,57.830002,58.029999,56.880001,57.099998,53.183167,10599600
2015-04-28,57.099998,60.480000,57.099998,59.980000,55.865612,34731200
2015-04-29,59.330002,60.430000,59.230000,59.680000,55.586185,17192000
2015-04-30,59.790001,60.139999,59.240002,59.560001,55.474422,13012400
2015-05-01,59.759998,60.380001,59.680000,59.860001,55.753841,9357500
2015-05-04,60.139999,60.950001,60.029999,60.639999,56.480339,9050400
2015-05-05,60.320000,60.700001,60.060001,60.490002,56.340630,12082100
2015-05-06,60.450001,60.590000,59.930000,60.259998,56.126400,11570900
2015-05-07,60.049999,60.730000,59.930000,60.299999,56.163662,9001000
2015-05-08,61.000000,61.380001,60.700001,60.740002,56.573475,10143400
2015-05-11,60.660000,60.689999,59.840000,60.000000,55.884239,9718900
2015-05-12,59.549999,59.730000,59.110001,59.439999,55.362648,13191900
2015-05-13,59.619999,59.849998,58.970001,59.180000,55.120483,7320900
2015-05-14,59.470001,59.889999,59.049999,59.779999,55.679329,7127300
2015-05-15,59.939999,60.230000,59.810001,60.230000,56.098461,7665700
2015-05-18,60.169998,60.450001,60.009998,60.009998,55.893551,7190400
2015-05-19,59.959999,60.919998,59.939999,60.520000,56.368572,8128700
2015-05-20,60.669998,60.849998,60.439999,60.459999,56.312683,6034900
2015-05-21,60.549999,60.790001,60.090000,60.099998,55.977383,8039000
2015-05-22,60.070000,60.070000,59.340000,59.380001,55.306770,8990400
2015-05-26,59.279999,59.439999,58.849998,58.970001,54.924892,10857700
2015-05-27,59.090000,59.779999,58.869999,59.459999,55.381279,9726700
2015-05-28,59.450001,59.849998,59.380001,59.700001,55.604816,9530100
2015-05-29,59.880001,61.119999,59.470001,60.889999,56.713181,20015600
2015-06-01,60.849998,61.700001,60.340000,60.750000,56.582787,11807400
2015-06-02,60.450001,60.459999,59.820000,60.240002,56.107777,8993000
2015-06-03,60.660000,60.880001,60.259998,60.389999,56.247486,8654800
2015-06-04,59.959999,60.209999,59.270000,59.470001,55.390598,10830300
2015-06-05,59.360001,59.410000,58.799999,58.990002,54.943520,10881800
2015-06-08,58.889999,59.169998,58.759998,58.869999,54.831757,8047800
2015-06-09,58.959999,59.290001,58.709999,58.840000,54.803806,6445200
2015-06-10,58.980000,59.660000,58.910000,59.610001,55.520996,10223200
2015-06-11,59.200001,59.369999,58.840000,58.910000,55.286362,11640300
2015-06-12,58.790001,58.799999,57.790001,57.869999,54.310333,15812300
2015-06-15,57.599998,57.639999,57.020000,57.119999,53.606472,10106500
2015-06-16,57.240002,57.730000,56.880001,57.709999,54.160179,6968900
2015-06-17,57.709999,58.169998,57.470001,57.910000,54.347881,7917300
2015-06-18,57.910000,58.869999,57.910000,58.590000,54.986050,7440500
2015-06-19,58.410000,58.840000,57.950001,58.040001,54.469883,12613500
2015-06-22,58.790001,59.200001,58.430000,58.830002,55.211288,8362500
2015-06-23,58.880001,59.049999,58.520000,59.029999,55.398987,8371000
2015-06-24,58.919998,59.029999,58.240002,58.240002,54.657581,7908400
2015-06-25,58.250000,58.599998,57.720001,57.900002,54.338493,9951200
2015-06-26,58.220001,58.529999,57.849998,58.490002,54.892204,13083700
2015-06-29,57.930000,58.220001,57.250000,57.290001,53.766014,9601200
2015-06-30,57.709999,57.709999,56.709999,56.930000,53.428158,11847300
2015-07-01,56.930000,57.869999,56.610001,57.599998,54.056946,9380100
2015-07-02,57.939999,58.330002,57.500000,57.669998,54.122639,8518400
2015-07-06,57.240002,57.840000,56.639999,57.549999,54.010021,8054100
2015-07-07,57.750000,58.099998,57.180000,57.990002,54.422966,9034300
2015-07-08,57.730000,57.740002,57.119999,57.349998,53.822319,9111600
2015-07-09,58.040001,58.169998,57.349998,57.380001,53.850479,8664200
2015-07-10,58.070000,58.250000,57.580002,57.950001,54.385414,8047400
2015-07-13,58.250000,58.549999,57.680000,57.869999,54.310333,9133800
2015-07-14,57.900002,58.279999,57.680000,58.189999,54.610657,7235100
2015-07-15,58.160000,58.560001,58.070000,58.220001,54.638809,5748600
2015-07-16,58.509998,58.869999,58.349998,58.820000,55.201904,5324700
2015-07-17,58.700001,58.919998,58.590000,58.820000,55.201904,6988900
2015-07-20,58.959999,59.200001,58.860001,59.000000,55.370831,5697200
2015-07-21,58.990002,59.020000,58.650002,58.669998,55.061127,6932800
2015-07-22,58.509998,59.029999,58.009998,58.130001,54.554344,8617800
2015-07-23,58.529999,58.529999,57.939999,58.070000,54.498039,6441600
2015-07-24,57.709999,57.880001,57.320000,57.410000,53.878639,7847100
2015-07-27,57.430000,57.450001,56.630001,56.990002,53.484470,14887000
2015-07-28,56.520000,57.639999,55.830002,57.520000,53.981873,16387100
2015-07-29,57.689999,58.820000,57.639999,58.540001,54.939129,12876000
2015-07-30,58.619999,58.820000,58.279999,58.520000,54.920361,6989500
2015-07-31,59.000000,59.330002,58.700001,58.959999,55.333290,8752500
2015-08-03,59.299999,59.450001,58.480000,59.049999,55.417755,6807000
2015-08-04,59.439999,59.470001,58.369999,58.700001,55.089287,6935800
2015-08-05,59.080002,59.279999,58.770000,59.099998,55.464680,5702600
2015-08-06,59.160000,59.250000,58.320000,58.430000,54.835899,7019700
2015-08-07,58.349998,58.450001,57.669998,57.970001,54.404194,9712400
2015-08-10,58.259998,58.610001,58.259998,58.410000,54.817123,5052400
2015-08-11,57.930000,58.189999,57.560001,57.759998,54.207100,7078300
2015-08-12,57.279999,58.279999,57.119999,58.259998,54.676350,7525300
2015-08-13,58.549999,59.450001,58.500000,58.980000,55.352062,10957200
2015-08-14,59.009998,59.570000,58.869999,59.180000,55.539757,9466400
2015-08-17,58.799999,59.750000,58.580002,59.709999,56.037159,6113700
2015-08-18,59.669998,59.950001,59.560001,59.660000,55.990234,6797400
2015-08-19,59.320000,60.070000,59.189999,59.660000,55.990234,7966500
2015-08-20,58.290001,58.549999,56.740002,56.950001,53.446934,23694400
2015-08-21,56.590000,57.630001,55.759998,55.770000,52.339508,17632500
2015-08-24,53.070000,54.400002,45.689999,53.990002,50.668999,24838600
2015-08-25,55.389999,55.410000,51.000000,51.169998,48.022469,22849800
2015-08-26,53.400002,54.610001,52.490002,54.419998,51.072552,22891200
2015-08-27,55.279999,55.400002,53.639999,54.950001,51.569946,16135600
2015-08-28,54.779999,55.410000,54.590000,55.369999,51.964115,12797000
2015-08-31,55.119999,55.299999,53.619999,53.849998,50.537613,12917100
2015-09-01,52.660000,53.230000,52.200001,52.529999,49.298805,15747400
2015-09-02,53.169998,53.270000,52.349998,52.980000,49.721127,13130800
2015-09-03,53.270000,53.549999,52.599998,52.650002,49.411434,12149100
2015-09-04,52.099998,52.240002,51.180000,51.590000,48.416634,14491300
2015-09-08,53.009998,53.020000,52.200001,52.689999,49.448963,14961100
2015-09-09,53.209999,53.330002,51.810001,51.930000,48.735722,11116700
2015-09-10,52.020000,53.200001,51.860001,52.720001,49.477127,14065400
2015-09-11,52.209999,52.450001,51.709999,52.090000,49.306736,12090800
2015-09-14,52.119999,52.730000,51.990002,52.340000,49.543385,8791400
2015-09-15,52.779999,53.889999,52.669998,53.549999,50.688728,11792200
2015-09-16,53.509998,53.970001,53.320000,53.869999,50.991634,8681400
2015-09-17,53.849998,54.500000,53.020000,53.959999,51.076824,22799900
2015-09-18,53.680000,53.869999,51.910000,52.130001,49.344604,28997900
2015-09-21,52.439999,52.439999,50.689999,50.980000,48.256050,17243300
2015-09-22,50.549999,51.000000,50.259998,50.740002,48.028877,12795600
2015-09-23,50.740002,51.439999,50.389999,51.029999,48.303371,10055500
2015-09-24,50.529999,50.860001,50.220001,50.590000,47.886887,10508300
2015-09-25,50.919998,51.320000,49.130001,49.599998,46.949787,15322700
2015-09-28,49.299999,49.369999,48.090000,48.419998,45.832832,20150500
2015-09-29,48.580002,49.299999,48.200001,48.650002,46.050549,12802900
2015-09-30,49.400002,49.540001,48.849998,49.389999,46.751007,12679100
2015-10-01,49.349998,49.570000,48.540001,49.369999,46.732079,14408600
2015-10-02,48.790001,50.150002,48.349998,50.139999,47.460934,24287900
2015-10-05,51.070000,51.320000,50.689999,51.230000,48.492691,15881600
2015-10-06,51.389999,51.389999,49.320000,49.799999,47.139103,16493500
2015-10-07,50.459999,51.119999,49.770000,50.950001,48.227657,14508200
2015-10-08,50.660000,51.189999,50.139999,51.020000,48.293915,12542000
2015-10-09,50.990002,51.509998,50.689999,50.950001,48.227657,10921400
2015-10-12,49.709999,50.849998,49.689999,50.709999,48.000481,11653300
2015-10-13,50.779999,50.910000,49.360001,49.470001,46.826733,14905900
2015-10-14,49.590000,50.119999,49.450001,49.540001,46.892994,13731200
2015-10-15,49.669998,51.080002,49.250000,50.720001,48.009945,14037500
2015-10-16,51.299999,51.720001,51.080002,51.480000,48.729336,11092500
2015-10-19,51.330002,51.549999,50.930000,51.400002,48.653610,8441900
2015-10-20,51.389999,51.470001,50.099998,50.389999,47.697578,9876200
2015-10-21,50.750000,50.980000,50.150002,50.590000,47.886887,11269900
2015-10-22,50.820000,52.560001,50.299999,52.009998,49.231010,18449600
2015-10-23,52.349998,53.250000,52.139999,52.880001,50.054527,15703500
2015-10-26,52.650002,53.169998,52.470001,52.910000,50.082928,10975200
2015-10-27,53.759998,54.099998,52.779999,53.470001,50.613007,13956900
2015-10-28,53.990002,55.139999,53.549999,55.099998,52.155910,14710000
2015-10-29,54.959999,55.639999,54.470001,54.869999,51.938206,8907300
2015-10-30,54.790001,55.270000,54.660000,54.660000,51.739422,11017400
2015-11-02,54.689999,55.330002,54.410000,55.110001,52.165379,10559100
2015-11-03,55.080002,55.380001,54.480000,55.110001,52.165379,9216200
2015-11-04,55.470001,55.770000,55.180000,55.529999,52.562935,7749200
2015-11-05,55.459999,55.680000,54.680000,55.049999,52.108582,9046800
2015-11-06,54.790001,54.880001,54.009998,54.610001,51.692093,10723000
2015-11-09,54.029999,54.410000,53.740002,54.240002,51.341866,9140200
2015-11-10,54.380001,54.599998,54.020000,54.430000,51.521713,7462300
2015-11-11,54.810001,55.000000,53.680000,53.720001,50.849651,8544600
2015-11-12,53.590000,53.970001,53.029999,53.029999,50.196514,8577500
2015-11-13,53.459999,53.720001,52.900002,53.029999,50.196514,11394500
2015-11-16,52.189999,53.810001,52.130001,53.700001,50.830715,6907800
2015-11-17,53.709999,54.299999,53.290001,53.709999,50.840183,7126600
2015-11-18,53.860001,54.320000,53.700001,54.230000,51.332394,10811400
2015-11-19,54.439999,54.529999,53.919998,54.279999,51.379726,6839200
2015-11-20,54.610001,54.860001,54.000000,54.099998,51.209339,8933300
2015-11-23,54.080002,54.200001,53.779999,54.009998,51.124149,8688100
2015-11-24,53.560001,53.680000,53.099998,53.480000,50.622475,10507200
2015-11-25,53.619999,53.919998,53.459999,53.720001,50.849651,6078900
2015-11-27,53.360001,54.200001,53.360001,53.959999,51.076824,2981600
2015-11-30,54.040001,54.110001,53.000000,53.009998,50.177582,13363200
2015-12-01,53.770000,54.639999,53.439999,54.570000,51.654228,12996800
2015-12-02,54.660000,54.990002,53.750000,53.820000,50.944305,10099300
2015-12-03,54.070000,54.090000,52.240002,52.590000,49.780025,13595100
2015-12-04,52.869999,53.680000,52.830002,53.639999,50.773918,13687000
2015-12-07,54.020000,54.230000,53.180000,53.680000,50.811779,8696000
2015-12-08,53.570000,54.400002,53.220001,53.470001,50.613007,7573200
2015-12-09,53.279999,53.610001,52.520000,52.820000,49.997738,10357200
2015-12-10,53.020000,53.980000,52.820000,53.689999,50.821255,11436400
2015-12-11,53.000000,53.279999,52.020000,52.150002,49.790119,10397900
2015-12-14,52.150002,52.360001,51.650002,52.200001,49.837860,11999200
2015-12-15,52.480000,53.189999,52.230000,52.900002,50.506187,11585900
2015-12-16,53.419998,54.110001,53.000000,54.020000,51.575500,10014300
2015-12-17,54.110001,54.250000,52.660000,52.660000,50.277039,13517100
2015-12-18,52.150002,52.320000,51.610001,51.639999,49.303196,21101800
2015-12-21,52.150002,52.150002,51.200001,51.869999,49.522797,11636100
2015-12-22,52.009998,52.230000,51.279999,52.099998,49.742378,13196900
2015-12-23,52.380001,53.220001,52.360001,52.980000,50.582565,7127400
2015-12-24,52.790001,53.130001,52.610001,52.849998,50.458447,2980100
2015-12-28,52.790001,53.040001,52.570000,52.840000,50.448902,4836300
2015-12-29,52.970001,53.610001,52.910000,53.340000,50.926270,6608500
2015-12-30,53.340000,53.580002,53.080002,53.250000,50.840343,5560300
2015-12-31,52.799999,53.290001,52.660000,52.820000,50.429798,8264400
2016-01-04,52.009998,52.610001,51.610001,52.480000,50.105190,17174600
2016-01-05,52.790001,53.470001,52.669998,53.150002,50.744869,11075500
2016-01-06,52.509998,52.950001,52.209999,52.419998,50.047905,12465900
2016-01-07,51.520000,52.320000,51.439999,51.959999,49.608719,12720000
2016-01-08,52.509998,52.520000,50.860001,51.080002,48.768547,14156200
2016-01-11,51.250000,51.540001,50.610001,51.250000,48.930851,14367400
2016-01-12,51.509998,52.070000,50.980000,51.759998,49.417770,11321000
2016-01-13,51.910000,52.060001,50.580002,50.660000,48.367538,16546600
2016-01-14,50.669998,52.110001,50.590000,51.799999,49.455963,13568500
2016-01-15,50.500000,51.299999,50.099998,51.139999,48.825825,15367400
2016-01-19,51.599998,51.910000,50.810001,51.340000,49.016777,10929500
2016-01-20,50.290001,51.020000,49.299999,50.549999,48.262527,15920400
2016-01-21,50.779999,51.320000,50.090000,50.919998,48.615776,11927200
2016-01-22,51.439999,51.740002,50.950001,51.349998,49.026329,10812800
2016-01-25,51.349998,51.439999,50.759998,50.919998,48.615776,9280500
2016-01-26,51.049999,51.599998,50.759998,51.450001,49.121799,9017500
2016-01-27,50.660000,51.570000,49.830002,50.369999,48.090672,13119100
2016-01-28,50.330002,50.540001,48.980000,49.200001,46.973614,18126900
2016-01-29,49.799999,50.669998,49.580002,50.669998,48.377094,16922700
2016-02-01,50.389999,50.980000,49.840000,50.750000,48.453472,11431200
2016-02-02,50.270000,50.509998,49.900002,50.410000,48.128860,14899300
2016-02-03,49.619999,50.110001,48.580002,50.049999,47.785149,19568600
2016-02-04,49.700001,49.740002,48.029999,48.590000,46.391220,20609200
2016-02-05,48.599998,49.720001,48.270000,49.380001,47.145473,16883000
2016-02-08,48.930000,49.330002,47.970001,48.830002,46.620358,13345100
2016-02-09,48.689999,49.570000,48.400002,49.160000,46.935425,10649100
2016-02-10,49.509998,50.410000,49.490002,49.529999,47.288681,11036100
2016-02-11,48.810001,49.389999,48.509998,48.849998,46.639450,11088400
2016-02-12,48.980000,49.110001,48.279999,49.029999,46.811306,13598300
2016-02-16,49.400002,49.990002,49.240002,49.779999,47.527367,11416200
2016-02-17,50.000000,50.650002,49.959999,50.599998,48.310261,9323300
2016-02-18,50.599998,50.990002,50.250000,50.320000,48.042931,9612900
2016-02-19,50.250000,50.400002,49.869999,50.119999,47.851986,8964200
2016-02-22,50.279999,50.779999,50.130001,50.770000,48.472569,7770300
2016-02-23,50.560001,50.939999,50.430000,50.540001,48.252975,7899500
2016-02-24,50.160000,50.619999,49.630001,50.560001,48.272072,7572700
2016-02-25,50.560001,51.000000,50.389999,51.000000,48.692165,8693700
2016-02-26,51.049999,51.130001,50.630001,50.639999,48.348446,9251300
2016-02-29,50.520000,50.830002,50.150002,50.209999,47.937912,12888700
2016-03-01,50.389999,51.939999,50.090000,51.750000,49.408222,12105700
2016-03-02,51.630001,52.439999,51.520000,52.270000,49.904694,11974100
2016-03-03,52.180000,52.320000,51.150002,52.099998,49.742378,9808800
2016-03-04,51.849998,52.290001,51.500000,52.080002,49.723289,9085800
2016-03-07,51.840000,52.930000,51.750000,52.639999,50.257950,7466300
2016-03-08,52.360001,52.930000,52.290001,52.450001,50.076542,8269000
2016-03-09,52.580002,52.889999,52.099998,52.360001,49.990620,9150600
2016-03-10,52.689999,53.240002,52.430000,53.040001,50.639851,12267500
2016-03-11,53.020000,53.459999,52.779999,53.200001,51.236973,15532400
2016-03-14,53.150002,53.320000,52.840000,53.080002,51.121399,6532900
2016-03-15,52.480000,52.639999,51.950001,52.419998,50.485752,9060700
2016-03-16,52.310001,52.310001,51.560001,51.939999,50.023468,9981300
2016-03-17,51.930000,51.970001,51.330002,51.529999,49.628593,9578400
2016-03-18,51.740002,52.419998,51.590000,52.250000,50.322025,14424300
2016-03-21,52.330002,52.830002,52.099998,52.799999,50.851727,7647100
2016-03-22,52.580002,53.459999,52.549999,53.029999,51.073242,9302300
2016-03-23,53.599998,53.599998,52.849998,53.080002,51.121399,9947500
2016-03-24,52.790001,53.349998,52.590000,53.070000,51.111771,7566200
2016-03-28,53.119999,53.290001,52.650002,52.830002,50.880623,6046800
2016-03-29,52.910000,53.410000,52.570000,53.320000,51.352547,7376700
2016-03-30,53.480000,53.549999,53.110001,53.220001,51.256233,6403900
2016-03-31,53.080002,53.480000,52.759998,52.910000,50.957672,8335000
2016-04-01,52.500000,53.790001,52.439999,53.700001,51.718517,8683100
2016-04-04,53.910000,54.630001,53.750000,54.400002,52.392693,10249600
2016-04-05,54.090000,54.720001,53.990002,54.240002,52.238598,9000800
2016-04-06,54.349998,55.790001,54.259998,55.630001,53.577309,12480400
2016-04-07,55.340000,55.779999,55.049999,55.419998,53.375053,10536800
2016-04-08,55.750000,55.910000,55.099998,55.360001,53.317268,6987400
2016-04-11,55.369999,55.740002,54.980000,55.049999,53.018707,7065600
2016-04-12,54.970001,55.750000,54.939999,55.340000,53.298008,5937000
2016-04-13,55.459999,55.990002,55.270000,55.959999,53.895134,8444500
2016-04-14,56.020000,56.599998,55.939999,56.450001,54.367050,8356700
2016-04-15,56.529999,56.549999,55.880001,56.139999,54.068489,8434400
2016-04-18,56.139999,56.830002,55.919998,56.509998,54.424831,7780600
2016-04-19,56.730000,57.380001,56.220001,56.860001,54.761925,7644200
2016-04-20,57.150002,57.400002,56.439999,56.580002,54.492256,8520900
2016-04-21,56.340000,57.029999,56.310001,56.599998,54.511513,10535300
2016-04-22,56.689999,57.029999,56.509998,56.740002,54.646351,7093500
2016-04-25,56.480000,56.639999,56.000000,56.220001,54.145535,8280200
2016-04-26,56.410000,56.419998,55.869999,56.040001,53.972179,7226600
2016-04-27,56.060001,56.619999,56.060001,56.310001,54.232216,6941400
2016-04-28,55.889999,56.230000,55.549999,55.740002,53.683247,9094700
2016-04-29,55.639999,55.639999,54.560001,54.840000,52.816456,13228000
2016-05-02,54.849998,55.360001,54.700001,55.299999,53.259483,9678900
2016-05-03,55.139999,55.450001,54.849998,55.080002,53.047607,7571700
2016-05-04,54.709999,55.040001,54.470001,54.810001,52.787563,7706000
2016-05-05,54.279999,54.400002,53.340000,54.090000,52.094131,11225200
2016-05-06,53.820000,53.970001,53.060001,53.599998,51.622211,10510100
2016-05-09,53.570000,54.330002,53.509998,54.099998,52.103760,7975400
2016-05-10,54.470001,54.730000,54.389999,54.680000,52.662361,6486200
2016-05-11,54.700001,54.790001,54.259998,54.310001,52.306015,6572900
2016-05-12,54.590000,54.619999,53.930000,54.119999,52.123028,8244300
2016-05-13,54.099998,54.509998,53.830002,53.880001,51.891880,7125200
2016-05-16,53.770000,54.770000,53.590000,54.650002,52.633472,6649100
2016-05-17,54.410000,54.570000,53.980000,54.320000,52.315643,11794000
2016-05-18,54.389999,54.950001,54.169998,54.669998,52.652729,7391200
2016-05-19,54.160000,54.980000,54.080002,54.580002,52.566051,8733900
2016-05-20,54.830002,55.540001,54.630001,55.110001,53.076496,8633100
2016-05-23,55.000000,55.230000,54.779999,54.919998,52.893501,5570300
2016-05-24,55.230000,55.889999,55.180000,55.599998,53.548412,6311200
2016-05-25,55.810001,56.669998,55.770000,56.570000,54.482624,9592200
2016-05-26,56.470001,56.720001,56.340000,56.389999,54.309265,5720500
2016-05-27,56.500000,56.840000,56.230000,56.480000,54.395943,7369500
2016-05-31,56.490002,56.720001,56.080002,56.259998,54.184059,9468500
2016-06-01,56.200001,56.520000,55.950001,56.330002,54.251480,6691000
2016-06-02,56.439999,56.860001,56.360001,56.820000,54.723392,7295500
2016-06-03,56.840000,56.959999,56.279999,56.639999,54.550041,5428100
2016-06-06,56.660000,57.369999,56.650002,57.169998,55.060482,6904000
2016-06-07,57.200001,57.439999,56.919998,57.000000,54.896755,6252400
2016-06-08,56.970001,57.869999,56.970001,57.619999,55.493874,7790100
2016-06-09,57.509998,57.820000,56.930000,57.180000,55.070110,9227700
2016-06-10,56.820000,57.080002,56.570000,56.810001,54.713772,9531700
2016-06-13,56.180000,56.680000,56.090000,56.110001,54.480740,6204800
2016-06-14,55.770000,56.310001,55.619999,56.250000,54.616669,8594200
2016-06-15,56.410000,56.520000,55.950001,56.090000,54.461319,7648800
2016-06-16,56.990002,57.669998,56.130001,57.500000,55.830376,22052200
2016-06-17,57.430000,57.430000,55.700001,55.889999,54.267124,17484400
2016-06-20,56.340000,56.599998,56.119999,56.139999,54.509861,8698700
2016-06-21,56.540001,56.669998,56.240002,56.250000,54.616669,6403000
2016-06-22,56.139999,57.270000,56.099998,57.040001,55.383736,12477500
2016-06-23,57.480000,57.680000,57.110001,57.680000,56.005150,6968400
2016-06-24,56.040001,57.070000,55.770000,55.880001,54.257412,17258600
2016-06-27,55.490002,55.680000,55.099998,55.310001,53.703964,13093300
2016-06-28,55.439999,55.669998,55.110001,55.580002,53.966125,12760100
2016-06-29,56.139999,57.139999,55.980000,57.049999,55.393440,9813800
2016-06-30,57.150002,57.680000,56.910000,57.610001,55.937180,9277700
2016-07-01,57.540001,58.000000,57.419998,57.939999,56.257595,7868300
2016-07-05,57.779999,58.169998,57.779999,58.000000,56.315857,7394100
2016-07-06,58.270000,59.270000,58.070000,59.160000,57.442169,14327700
2016-07-07,58.889999,59.020000,58.290001,58.779999,57.073204,9351900
2016-07-08,58.980000,59.570000,58.799999,59.349998,57.626656,9479400
2016-07-11,59.259998,59.750000,59.200001,59.340000,57.616947,7336700
2016-07-12,59.270000,59.790001,59.080002,59.599998,57.869396,8401300
2016-07-13,59.779999,59.950001,59.480000,59.549999,57.820850,6793200
2016-07-14,59.869999,59.930000,59.480000,59.650002,57.917946,7345500
2016-07-15,59.799999,59.930000,59.250000,59.630001,57.898525,8162700
2016-07-18,59.000000,59.490002,58.720001,59.020000,57.306236,8769200
2016-07-19,59.080002,59.500000,58.560001,58.660000,56.956688,8881300
2016-07-20,59.000000,59.119999,58.759998,58.790001,57.082916,6476000
2016-07-21,59.000000,59.110001,58.560001,58.790001,57.082916,6047100
2016-07-22,58.990002,59.080002,58.549999,58.820000,57.112041,6269500
2016-07-25,58.630001,58.880001,57.980000,58.560001,56.859592,8037200
2016-07-26,58.700001,58.810001,58.139999,58.360001,56.665401,7150800
2016-07-27,58.389999,58.720001,57.930000,58.599998,56.898430,7888800
2016-07-28,58.520000,58.590000,58.110001,58.430000,56.733368,7289700
2016-07-29,59.009998,59.200001,58.270000,58.660000,56.956688,8491200
2016-08-01,58.830002,59.000000,58.500000,58.660000,56.956688,8871200
2016-08-02,58.680000,58.730000,58.250000,58.330002,56.636272,6826300
2016-08-03,58.169998,58.299999,57.180000,57.650002,55.976021,9637300
2016-08-04,57.740002,58.230000,57.740002,57.840000,56.160500,5541400
2016-08-05,57.840000,64.000000,57.840000,63.860001,62.005699,72876000
2016-08-08,62.660000,63.020000,61.950001,62.860001,61.034733,25045900
2016-08-09,62.860001,63.139999,62.430000,62.490002,60.675484,12234400
2016-08-10,62.090000,63.099998,62.070000,62.639999,60.821121,8835400
2016-08-11,62.610001,63.730000,62.480000,63.630001,61.782375,10365000
2016-08-12,63.139999,63.450001,62.930000,63.349998,61.510502,6244300
2016-08-15,63.349998,63.750000,63.209999,63.320000,61.481380,6650100
2016-08-16,63.000000,63.320000,62.840000,63.040001,61.209507,5680100
2016-08-17,63.029999,63.430000,62.599998,63.290001,61.452248,8271500
2016-08-18,63.080002,63.639999,63.080002,63.630001,61.782375,6926600
2016-08-19,63.180000,63.439999,62.869999,63.360001,61.520214,8480000
2016-08-22,63.250000,63.639999,63.080002,63.549999,61.704700,6447200
2016-08-23,63.709999,63.880001,63.369999,63.580002,61.733829,5798400
2016-08-24,63.599998,63.779999,62.509998,62.730000,60.908512,7482900
2016-08-25,62.860001,63.099998,62.270000,62.320000,60.510414,7947700
2016-08-26,62.480000,62.990002,62.180000,62.849998,61.025028,7793800
2016-08-29,62.919998,63.290001,62.639999,63.009998,61.180378,5575800
2016-08-30,62.959999,63.029999,62.509998,62.709999,60.889091,6178000
2016-08-31,63.080002,63.119999,62.419998,62.790001,60.966770,8860500
2016-09-01,62.700001,62.980000,62.389999,62.900002,61.073574,6544700
2016-09-02,62.590000,63.270000,62.590000,62.980000,61.151249,7613200
2016-09-06,62.990002,63.470001,62.770000,63.240002,61.403702,7930300
2016-09-07,63.310001,63.490002,62.599998,62.869999,61.044441,8668100
2016-09-08,62.450001,63.290001,62.330002,63.240002,61.403702,9186300
2016-09-09,62.689999,62.709999,62.320000,62.490002,60.675484,12587500
2016-09-12,62.000000,63.490002,61.910000,63.189999,61.355152,10629500
2016-09-13,62.369999,62.779999,61.369999,61.810001,60.455318,10223400
2016-09-14,61.919998,62.340000,61.299999,61.349998,60.005398,10421800
2016-09-15,61.240002,62.610001,61.119999,62.380001,61.012825,8997800
2016-09-16,62.450001,62.619999,62.060001,62.279999,60.915016,12432300
2016-09-19,62.540001,62.540001,61.320000,61.330002,59.985840,11287700
2016-09-20,61.900002,62.410000,61.689999,61.939999,60.582466,9211600
2016-09-21,62.259998,62.820000,61.860001,62.700001,61.325809,7219000
2016-09-22,62.919998,63.470001,62.830002,63.020000,61.638798,8447800
2016-09-23,62.869999,63.250000,62.700001,62.959999,61.580112,7679800
2016-09-26,62.529999,62.580002,61.880001,62.150002,60.787868,6983800
2016-09-27,62.310001,62.700001,61.830002,62.570000,61.198662,7340800
2016-09-28,63.000000,63.480000,62.500000,63.299999,61.912659,11795000
2016-09-29,63.020000,63.020000,61.560001,61.910000,60.553123,10930000
2016-09-30,61.889999,62.730000,61.860001,62.410000,61.042168,13605300
2016-10-03,62.220001,62.570000,61.669998,62.520000,61.149754,7520100
2016-10-04,62.480000,62.950001,61.939999,62.459999,61.091072,7897400
2016-10-05,62.700001,63.040001,62.480000,62.799999,61.423618,7871300
2016-10-06,62.490002,62.689999,61.740002,62.660000,61.286690,11430500
2016-10-07,62.770000,62.990002,62.029999,62.770000,61.394276,10775200
2016-10-10,64.209999,64.860001,63.439999,63.900002,62.499516,20345900
2016-10-11,63.529999,63.549999,61.750000,61.930000,60.572689,13955400
2016-10-12,62.400002,62.630001,61.580002,61.660000,60.308605,10121900
2016-10-13,62.250000,62.950001,61.939999,62.509998,61.139973,14541500
2016-10-14,62.720001,62.860001,62.130001,62.139999,60.778084,12204200
2016-10-17,62.049999,62.049999,60.799999,61.520000,60.171677,13054600
2016-10-18,61.900002,62.619999,61.830002,62.090000,60.729179,9988000
2016-10-19,62.130001,62.299999,61.810001,61.869999,60.514000,5582700
2016-10-20,61.950001,62.270000,61.689999,61.919998,60.562904,6323400
2016-10-21,61.549999,61.900002,61.029999,61.200001,59.858685,7406700
2016-10-24,61.400002,61.480000,60.639999,60.750000,59.418549,9943000
2016-10-25,60.270000,62.189999,59.549999,61.950001,60.592247,15188500
2016-10-26,61.740002,61.849998,60.549999,60.869999,59.535915,9957800
2016-10-27,61.150002,62.060001,61.000000,61.290001,59.946712,10350700
2016-10-28,61.020000,61.070000,58.450001,58.840000,57.550411,20358400
2016-10-31,59.090000,59.150002,58.369999,58.720001,57.433044,14254800
2016-11-01,59.000000,59.590000,58.509998,59.299999,58.000328,14347400
2016-11-02,59.060001,59.509998,58.750000,58.840000,57.550411,10724700
2016-11-03,59.180000,59.220001,58.290001,58.430000,57.149395,11323000
2016-11-04,58.689999,59.270000,58.610001,58.820000,57.530846,11318600
2016-11-07,59.520000,60.209999,59.480000,60.049999,58.733891,10478300
2016-11-08,59.820000,60.779999,59.520000,60.509998,59.183807,7903700
2016-11-09,63.959999,65.000000,62.759998,64.180000,62.773376,27851100
2016-11-10,64.540001,65.459999,64.519997,64.959999,63.536278,17862300
2016-11-11,64.080002,64.510002,63.580002,63.950001,62.548420,13941800
2016-11-14,64.000000,64.089996,63.240002,63.529999,62.137615,10124500
2016-11-15,63.680000,63.730000,63.080002,63.650002,62.254993,7290400
2016-11-16,63.700001,63.950001,62.450001,62.630001,61.257347,10780200
2016-11-17,62.509998,62.790001,62.119999,62.700001,61.325809,8361300
2016-11-18,62.570000,62.619999,61.730000,61.869999,60.514000,7696900
2016-11-21,61.939999,62.389999,61.720001,62.299999,60.934578,6836700
2016-11-22,62.500000,62.650002,61.209999,61.700001,60.347725,9592200
2016-11-23,60.330002,61.700001,59.820000,61.639999,60.289043,9149000
2016-11-25,61.820000,62.400002,61.750000,62.209999,60.846550,3501300
2016-11-28,61.779999,62.060001,61.619999,61.799999,60.445538,7449400
2016-11-29,61.950001,62.459999,61.919998,62.189999,60.826988,10034900
2016-11-30,62.310001,62.320000,60.990002,61.189999,59.848904,12530700
2016-12-01,61.299999,61.369999,60.650002,60.759998,59.428329,8398900
2016-12-02,61.049999,61.520000,60.630001,61.130001,59.790222,7993100
2016-12-05,61.520000,61.529999,59.840000,60.250000,58.929508,12985200
2016-12-06,60.180000,60.389999,59.610001,60.279999,58.958847,10659600
2016-12-07,59.700001,60.060001,58.619999,60.060001,58.743671,14049600
2016-12-08,59.730000,60.360001,59.500000,60.119999,58.802353,8586600
2016-12-09,60.490002,61.509998,60.400002,61.230000,59.888027,10516400
2016-12-12,61.439999,62.099998,61.299999,61.720001,60.367290,8246000
2016-12-13,61.799999,61.959999,61.250000,61.790001,60.899509,7842200
2016-12-14,61.849998,62.759998,61.590000,61.799999,60.909363,11080700
2016-12-15,62.000000,62.639999,61.840000,62.369999,61.471146,8509400
2016-12-16,62.660000,63.029999,62.049999,62.439999,61.540138,17563700
2016-12-19,61.799999,62.270000,60.869999,61.139999,60.258877,11939000
2016-12-20,61.189999,61.680000,60.369999,60.500000,59.628098,10377100
2016-12-21,60.590000,60.810001,59.340000,59.430000,58.573517,12052200
2016-12-22,59.619999,60.000000,59.160000,59.580002,58.721359,10100000
2016-12-23,59.770000,59.860001,59.250000,59.560001,58.701645,7590000
2016-12-27,59.869999,60.139999,59.560001,59.790001,58.928329,5815600
2016-12-28,59.720001,59.860001,59.209999,59.270000,58.415825,6174600
2016-12-29,59.290001,59.590000,58.980000,59.040001,58.189140,6520100
2016-12-30,58.779999,58.950001,58.560001,58.869999,58.021587,10772600
2017-01-03,59.150002,60.380001,59.049999,60.150002,59.283142,11988700
2017-01-04,60.500000,60.790001,60.040001,60.130001,59.263432,9411900
2017-01-05,60.220001,60.580002,60.000000,60.110001,59.243717,10096800
2017-01-06,60.090000,60.459999,59.529999,60.270000,59.401413,10238600
2017-01-09,60.299999,61.480000,60.080002,61.099998,60.219452,9734600
2017-01-10,61.200001,61.240002,59.889999,59.919998,59.056454,15302200
2017-01-11,62.340000,63.160000,60.750000,61.630001,60.741814,32711700
2017-01-12,62.529999,63.240002,62.119999,62.209999,61.313454,24885400
2017-01-13,62.330002,62.680000,62.099998,62.340000,61.441582,9969100
2017-01-17,61.919998,62.070000,61.200001,61.480000,60.593975,10592700
2017-01-18,61.380001,61.779999,61.080002,61.169998,60.288441,8131700
2017-01-19,61.049999,61.080002,60.070000,60.330002,59.460548,11397900
2017-01-20,62.400002,62.919998,62.150002,62.529999,61.628841,25240300
2017-01-23,61.810001,62.400002,61.630001,61.810001,60.919220,10201700
2017-01-24,61.590000,61.689999,60.730000,61.209999,60.327866,10487500
2017-01-25,61.320000,61.380001,60.759998,61.080002,60.199741,14557000
2017-01-26,61.020000,61.360001,60.540001,61.200001,60.318012,12707500
2017-01-27,61.380001,61.990002,61.299999,61.750000,60.860085,6653200
2017-01-30,61.520000,61.709999,60.930000,61.430000,60.544697,7853600
2017-01-31,61.060001,62.240002,60.919998,61.990002,61.096626,9821100
2017-02-01,62.060001,62.270000,61.560001,62.099998,61.205040,11018800
2017-02-02,62.639999,64.209999,62.529999,64.180000,63.255062,18990200
2017-02-03,63.860001,64.330002,63.270000,64.290001,63.363476,11650500
2017-02-06,63.919998,64.949997,63.900002,64.940002,64.004112,9158800
2017-02-07,64.760002,64.930000,64.050003,64.199997,63.274769,8435300
2017-02-08,63.900002,64.480003,63.830002,64.320000,63.393044,5906800
2017-02-09,64.320000,64.820000,64.300003,64.389999,63.462036,7052900
2017-02-10,64.320000,64.570000,63.959999,64.150002,63.225494,8531400
2017-02-13,64.250000,64.830002,64.220001,64.769997,63.836555,7151100
2017-02-14,64.639999,65.720001,64.430000,65.660004,64.713737,10142700
2017-02-15,64.900002,65.870003,64.849998,65.160004,64.220940,17807300
2017-02-16,65.139999,65.410004,64.459999,65.260002,64.319496,12346300
2017-02-17,65.199997,65.559998,64.860001,65.389999,64.447624,9048300
2017-02-21,64.900002,65.779999,64.900002,65.480003,64.536331,7386100
2017-02-22,65.500000,65.750000,65.089996,65.290001,64.349068,8679600
2017-02-23,65.519997,66.110001,65.349998,65.849998,64.900993,6855600
2017-02-24,65.650002,66.160004,65.629997,66.160004,65.206528,8444300
2017-02-27,65.779999,65.940002,65.559998,65.849998,64.900993,7133800
2017-02-28,65.809998,66.150002,65.650002,65.870003,64.920708,7740500
2017-03-01,66.070000,66.800003,65.889999,66.209999,65.255806,10680700
2017-03-02,66.379997,66.580002,66.000000,66.080002,65.127678,8647700
2017-03-03,66.080002,66.620003,65.809998,66.580002,65.620483,8316900
2017-03-06,66.080002,66.779999,65.900002,66.470001,65.512062,8687500
2017-03-07,65.430000,66.309998,65.190002,65.959999,65.009407,8328700
2017-03-08,65.959999,66.120003,65.269997,65.800003,64.851715,8417600
2017-03-09,65.970001,66.029999,65.519997,65.889999,64.940422,7735000
2017-03-10,66.070000,66.199997,65.500000,65.599998,64.654594,8823900
2017-03-13,65.239998,65.290001,64.010002,64.150002,63.681755,14198600
2017-03-14,64.129997,64.510002,64.050003,64.199997,63.731384,7892900
2017-03-15,64.400002,64.970001,64.220001,64.699997,64.227737,9025000
2017-03-16,64.570000,64.790001,63.990002,64.180000,63.711536,9613200
2017-03-17,64.250000,64.699997,63.889999,63.900002,63.433578,14449200
2017-03-20,64.139999,64.300003,64.000000,64.110001,63.642048,12971200
2017-03-21,64.320000,64.610001,63.619999,63.910000,63.443504,10550700
2017-03-22,63.980000,64.110001,63.250000,63.500000,63.036499,9549000
2017-03-23,63.360001,63.820000,63.189999,63.279999,62.818104,9461000
2017-03-24,63.160000,63.529999,62.860001,63.180000,62.718834,9136500
2017-03-27,62.919998,63.410000,62.810001,63.189999,62.728760,8015900
2017-03-28,63.200001,63.400002,62.880001,63.340000,62.877666,10185000
2017-03-29,63.669998,64.110001,63.459999,63.639999,63.175476,8135300
2017-03-30,63.500000,63.680000,63.320000,63.450001,62.986862,5322000
2017-03-31,63.259998,63.630001,63.250000,63.540001,63.076206,7614000
2017-04-03,63.430000,63.709999,63.220001,63.470001,63.006718,6643600
2017-04-04,63.590000,63.770000,63.369999,63.669998,63.205254,6345600
2017-04-05,63.689999,64.150002,63.509998,63.570000,63.105988,7713300
2017-04-06,63.480000,63.970001,63.189999,63.240002,62.778397,7552600
2017-04-07,63.279999,63.330002,62.950001,63.130001,62.669201,7721100
2017-04-10,63.270000,63.330002,62.529999,62.549999,62.093433,7247700
2017-04-11,62.490002,62.759998,62.180000,62.580002,62.123215,6544800
2017-04-12,62.369999,63.209999,62.279999,63.049999,62.589783,9509200
2017-04-13,62.790001,63.000000,62.560001,62.610001,62.152996,5932500
2017-04-17,62.709999,62.840000,62.389999,62.799999,62.341606,5334200
2017-04-18,62.459999,62.459999,61.990002,62.270000,61.815475,7394500
2017-04-19,62.259998,62.639999,62.000000,62.639999,62.182774,10349100
2017-04-20,62.660000,62.750000,62.250000,62.549999,62.093433,8962300
2017-04-21,62.360001,62.630001,61.869999,61.889999,61.438248,10498400
2017-04-24,62.500000,62.520000,62.020000,62.139999,61.686424,8846300
2017-04-25,62.490002,62.930000,62.250000,62.299999,61.845257,10691800
2017-04-26,62.630001,62.880001,62.430000,62.700001,62.242336,8859300
2017-04-27,62.779999,62.910000,62.450001,62.580002,62.123215,6603300
2017-04-28,62.580002,62.650002,62.139999,62.330002,61.875038,9461700
2017-05-01,62.250000,62.500000,62.099998,62.380001,61.924675,10217100
2017-05-02,62.509998,63.240002,62.310001,62.700001,62.242336,13022500
2017-05-03,62.500000,63.669998,62.380001,63.630001,63.165550,11429800
2017-05-04,63.669998,63.889999,63.220001,63.380001,62.917374,8610000
2017-05-05,63.500000,64.089996,63.430000,63.970001,63.503067,9346600
2017-05-08,63.910000,64.510002,63.830002,64.010002,63.542778,11149500
2017-05-09,64.180000,64.269997,63.160000,63.290001,62.828033,10222300
2017-05-10,63.130001,63.950001,63.090000,63.939999,63.473286,9631800
2017-05-11,64.750000,65.250000,64.309998,64.430000,63.959709,18515900
2017-05-12,64.389999,64.669998,63.270000,63.570000,63.105988,10342100
2017-05-15,63.419998,63.599998,63.340000,63.509998,63.046425,8311400
2017-05-16,63.439999,63.869999,63.139999,63.790001,63.324383,7870700
2017-05-17,63.790001,63.790001,62.880001,63.000000,62.540146,7916900
2017-05-18,62.910000,64.500000,62.910000,63.889999,63.423649,11954500
2017-05-19,64.040001,64.040001,63.500000,63.779999,63.314453,9293700
2017-05-22,63.700001,64.440002,63.570000,64.040001,63.572556,6226500
2017-05-23,64.000000,64.589996,64.000000,64.550003,64.078835,5734600
2017-05-24,64.769997,65.199997,64.540001,64.930000,64.456062,6955400
2017-05-25,64.959999,65.120003,64.660004,65.040001,64.565262,7095900
2017-05-26,65.000000,65.209999,64.820000,64.919998,64.446129,3663300
2017-05-30,64.720001,65.139999,64.529999,64.879997,64.406425,4885600
2017-05-31,65.080002,65.489998,65.029999,65.110001,64.634750,7788300
2017-06-01,65.089996,65.260002,64.860001,65.260002,64.783653,7560500
2017-06-02,65.459999,65.580002,65.180000,65.470001,64.992119,6298600
2017-06-05,65.349998,65.389999,64.699997,65.070000,64.595039,5968500
2017-06-06,65.000000,65.040001,64.459999,64.669998,64.197952,7841800
2017-06-07,64.599998,64.650002,64.000000,64.059998,63.592407,7606600
2017-06-08,64.059998,64.250000,62.830002,63.200001,62.738689,18522000
2017-06-09,63.200001,64.440002,63.139999,64.389999,63.920002,10750400
2017-06-12,64.389999,64.680000,64.199997,64.389999,63.920002,9400300
2017-06-13,63.730000,63.840000,63.029999,63.270000,63.270000,12053000
2017-06-14,63.020000,63.639999,63.020000,63.369999,63.369999,10338600
2017-06-15,63.299999,63.439999,62.880001,63.189999,63.189999,7866800
2017-06-16,63.259998,63.709999,62.689999,62.970001,62.970001,14902000
2017-06-19,63.090000,63.810001,63.020000,63.680000,63.680000,8426900
2017-06-20,63.680000,64.959999,63.580002,64.529999,64.529999,10263000
2017-06-21,64.559998,65.599998,64.559998,65.459999,65.459999,11145000
2017-06-22,65.510002,66.370003,65.379997,66.019997,66.019997,13441900
2017-06-23,66.040001,66.389999,65.839996,66.160004,66.160004,14093500
2017-06-26,66.150002,66.400002,65.830002,65.919998,65.919998,7576400
2017-06-27,66.269997,66.269997,65.540001,65.540001,65.540001,8121600
2017-06-28,65.760002,65.900002,65.139999,65.160004,65.160004,6733300
2017-06-29,65.010002,65.080002,64.089996,64.339996,64.339996,8350300
2017-06-30,64.489998,64.730003,64.000000,64.089996,64.089996,8170000
2017-07-03,63.849998,64.629997,63.849998,64.269997,64.269997,4671400
2017-07-05,64.470001,64.800003,63.919998,64.160004,64.160004,6507800
2017-07-06,63.770000,63.910000,62.990002,63.099998,63.099998,11342700
2017-07-07,63.209999,63.340000,62.810001,63.160000,63.160000,7243400
2017-07-10,63.389999,63.400002,62.610001,62.830002,62.830002,6713800
2017-07-11,62.820000,62.980000,62.240002,62.340000,62.340000,6877500
2017-07-12,62.660000,63.130001,62.660000,62.779999,62.779999,8216000
2017-07-13,62.790001,62.990002,62.279999,62.889999,62.889999,6799200
2017-07-14,62.930000,63.400002,62.860001,63.060001,63.060001,6020900
2017-07-17,63.150002,63.310001,62.529999,62.610001,62.610001,7387300
2017-07-18,62.500000,62.630001,62.270000,62.410000,62.410000,6114900
2017-07-19,62.500000,62.830002,62.439999,62.619999,62.619999,5699100
2017-07-20,62.910000,63.240002,62.860001,62.939999,62.939999,6655100
2017-07-21,62.790001,63.000000,62.580002,62.630001,62.630001,6906400
2017-07-24,62.540001,62.900002,62.500000,62.570000,62.570000,7783700
2017-07-25,62.849998,63.000000,62.250000,62.360001,62.360001,5955900
2017-07-26,62.310001,62.340000,61.720001,61.799999,61.799999,9366700
2017-07-27,63.669998,64.550003,62.799999,63.689999,63.689999,21846300
2017-07-28,63.810001,64.360001,63.220001,64.110001,64.110001,13342100
2017-07-31,64.250000,64.309998,63.509998,63.880001,63.880001,11714900
2017-08-01,64.040001,64.269997,63.770000,63.919998,63.919998,6490900
2017-08-02,63.950001,63.959999,63.169998,63.439999,63.439999,7034900
2017-08-03,63.209999,63.730000,63.180000,63.520000,63.520000,7018800
2017-08-04,63.630001,63.689999,62.939999,63.099998,63.099998,5341000
2017-08-07,62.950001,63.090000,62.660000,62.840000,62.840000,6696800
2017-08-08,62.540001,62.720001,62.200001,62.320000,62.320000,7680100
2017-08-09,62.450001,62.720001,62.220001,62.490002,62.490002,6552300
2017-08-10,62.369999,62.580002,62.169998,62.180000,62.180000,7765100
2017-08-11,62.419998,62.959999,62.259998,62.380001,62.380001,6051000
2017-08-14,62.910000,63.000000,62.590000,62.669998,62.669998,5467100
2017-08-15,62.730000,63.029999,62.490002,62.500000,62.500000,6316000
2017-08-16,62.430000,62.930000,62.330002,62.700001,62.700001,6061200
2017-08-17,62.750000,63.020000,61.810001,61.840000,61.840000,9150100
2017-08-18,61.770000,61.820000,61.160000,61.490002,61.490002,8421700
2017-08-21,61.480000,62.040001,61.430000,61.970001,61.970001,7197200
2017-08-22,61.970001,62.500000,61.919998,62.419998,62.419998,5515200
2017-08-23,62.250000,62.599998,62.150002,62.150002,62.150002,6434900
2017-08-24,62.250000,62.910000,62.189999,62.709999,62.709999,7750100
2017-08-25,62.869999,63.290001,62.770000,62.939999,62.939999,5274900
2017-08-28,63.110001,63.459999,62.980000,63.320000,63.320000,7498200
2017-08-29,63.130001,63.209999,62.720001,63.119999,63.119999,6564700
2017-08-30,63.139999,63.169998,62.900002,63.119999,63.119999,5022500
2017-08-31,63.349998,63.919998,62.950001,63.860001,63.860001,12903000
2017-09-01,63.790001,64.099998,63.599998,63.830002,63.830002,6181700
